﻿<?xml version="1.0" encoding="utf-8"?><DEFECTS><DEFECT>
    <SFA>
      <FILEPATH>C:\Users\technicien\Documents\Vision3D\Vision3DV3 - Copie\rapidjson\rapidjson\internal\</FILEPATH>
      <FILENAME>ieee754.h</FILENAME>
      <LINE>25</LINE>
      <COLUMN>4</COLUMN>
    </SFA>
    <DEFECTCODE>26495</DEFECTCODE>
    <DESCRIPTION>La variable 'rapidjson::internal::Double::&lt;unnamed-tag&gt;::u_' n'est pas initialisée. Initialisez toujours une variable membre (type.6).</DESCRIPTION>
    <FUNCTION>rapidjson::internal::Double::{ctor}</FUNCTION>
    <DECORATED>??0Double@internal@rapidjson@@QEAA@XZ</DECORATED>
    <FUNCLINE>25</FUNCLINE>
    <ADDITIONALINFO>
      <targetSymbol>rapidjson::internal::Double::&lt;unnamed-tag&gt;::u_</targetSymbol>
    </ADDITIONALINFO>
    <PATH></PATH>
  </DEFECT><DEFECT>
    <SFA>
      <FILEPATH>C:\Users\technicien\Documents\Vision3D\Vision3DV3 - Copie\rapidjson\rapidjson\internal\</FILEPATH>
      <FILENAME>ieee754.h</FILENAME>
      <LINE>25</LINE>
      <COLUMN>4</COLUMN>
    </SFA>
    <DEFECTCODE>26495</DEFECTCODE>
    <DESCRIPTION>La variable 'rapidjson::internal::Double::&lt;unnamed-tag&gt;::d_' n'est pas initialisée. Initialisez toujours une variable membre (type.6).</DESCRIPTION>
    <FUNCTION>rapidjson::internal::Double::{ctor}</FUNCTION>
    <DECORATED>??0Double@internal@rapidjson@@QEAA@XZ</DECORATED>
    <FUNCLINE>25</FUNCLINE>
    <ADDITIONALINFO>
      <targetSymbol>rapidjson::internal::Double::&lt;unnamed-tag&gt;::d_</targetSymbol>
    </ADDITIONALINFO>
    <PATH></PATH>
  </DEFECT><DEFECT>
    <SFA>
      <FILEPATH>C:\Users\technicien\Documents\Vision3D\Vision3DV3 - Copie\OpenCV_3.4.3\build\include\opencv2\core\</FILEPATH>
      <FILENAME>mat.inl.hpp</FILENAME>
      <LINE>106</LINE>
      <COLUMN>13</COLUMN>
    </SFA>
    <DEFECTCODE>26495</DEFECTCODE>
    <DESCRIPTION>La variable 'cv::debug_build_guard::_InputArray::obj' n'est pas initialisée. Initialisez toujours une variable membre (type.6).</DESCRIPTION>
    <FUNCTION>cv::debug_build_guard::_InputArray::{ctor}</FUNCTION>
    <DECORATED>??0_InputArray@debug_build_guard@cv@@QEAA@AEBV?$vector@V?$vector@_NV?$allocator@_N@std@@@std@@V?$allocator@V?$vector@_NV?$allocator@_N@std@@@std@@@2@@std@@@Z</DECORATED>
    <FUNCLINE>106</FUNCLINE>
    <ADDITIONALINFO>
      <targetSymbol>cv::debug_build_guard::_InputArray::obj</targetSymbol>
    </ADDITIONALINFO>
    <PATH></PATH>
  </DEFECT><DEFECT>
    <SFA>
      <FILEPATH>C:\Users\technicien\Documents\Vision3D\Vision3DV3 - Copie\OpenCV_3.4.3\build\include\opencv2\core\</FILEPATH>
      <FILENAME>mat.inl.hpp</FILENAME>
      <LINE>106</LINE>
      <COLUMN>13</COLUMN>
    </SFA>
    <DEFECTCODE>26495</DEFECTCODE>
    <DESCRIPTION>La variable 'cv::debug_build_guard::_InputArray::flags' n'est pas initialisée. Initialisez toujours une variable membre (type.6).</DESCRIPTION>
    <FUNCTION>cv::debug_build_guard::_InputArray::{ctor}</FUNCTION>
    <DECORATED>??0_InputArray@debug_build_guard@cv@@QEAA@AEBV?$vector@V?$vector@_NV?$allocator@_N@std@@@std@@V?$allocator@V?$vector@_NV?$allocator@_N@std@@@std@@@2@@std@@@Z</DECORATED>
    <FUNCLINE>106</FUNCLINE>
    <ADDITIONALINFO>
      <targetSymbol>cv::debug_build_guard::_InputArray::flags</targetSymbol>
    </ADDITIONALINFO>
    <PATH></PATH>
  </DEFECT><DEFECT>
    <SFA>
      <FILEPATH>C:\Users\technicien\Documents\Vision3D\Vision3DV3 - Copie\OpenCV_3.4.3\build\include\opencv2\core\</FILEPATH>
      <FILENAME>mat.inl.hpp</FILENAME>
      <LINE>503</LINE>
      <COLUMN>17</COLUMN>
    </SFA>
    <DEFECTCODE>6297</DEFECTCODE>
    <DESCRIPTION>Débordement arithmétique. Les résultats peuvent ne pas être une valeur attendue.</DESCRIPTION>
    <FUNCTION>cv::Mat::{ctor}</FUNCTION>
    <DECORATED>??0Mat@cv@@QEAA@HHHPEAX_K@Z</DECORATED>
    <FUNCLINE>496</FUNCLINE>
    <PATH></PATH>
  </DEFECT><DEFECT>
    <SFA>
      <FILEPATH>C:\Users\technicien\Documents\Vision3D\Vision3DV3 - Copie\OpenCV_3.4.3\build\include\opencv2\core\</FILEPATH>
      <FILENAME>mat.inl.hpp</FILENAME>
      <LINE>532</LINE>
      <COLUMN>17</COLUMN>
    </SFA>
    <DEFECTCODE>6297</DEFECTCODE>
    <DESCRIPTION>Débordement arithmétique. Les résultats peuvent ne pas être une valeur attendue.</DESCRIPTION>
    <FUNCTION>cv::Mat::{ctor}</FUNCTION>
    <DECORATED>??0Mat@cv@@QEAA@V?$Size_@H@1@HPEAX_K@Z</DECORATED>
    <FUNCLINE>525</FUNCLINE>
    <PATH></PATH>
  </DEFECT><DEFECT>
    <SFA>
      <FILEPATH>C:\Users\technicien\Documents\Vision3D\Vision3DV3 - Copie\OpenCV_3.4.3\build\include\opencv2\core\</FILEPATH>
      <FILENAME>mat.inl.hpp</FILENAME>
      <LINE>1341</LINE>
      <COLUMN>5</COLUMN>
    </SFA>
    <DEFECTCODE>26439</DEFECTCODE>
    <DESCRIPTION>Ce genre de fonction ne devrait pas « throw ». Déclarez-le 'noexcept' (f.6).</DESCRIPTION>
    <FUNCTION>cv::Mat::{ctor}</FUNCTION>
    <DECORATED>??0Mat@cv@@QEAA@$$QEAV01@@Z</DECORATED>
    <FUNCLINE>1341</FUNCLINE>
    <PATH></PATH>
  </DEFECT><DEFECT>
    <SFA>
      <FILEPATH>C:\Users\technicien\Documents\Vision3D\Vision3DV3 - Copie\OpenCV_3.4.3\build\include\opencv2\core\</FILEPATH>
      <FILENAME>mat.inl.hpp</FILENAME>
      <LINE>1366</LINE>
      <COLUMN>10</COLUMN>
    </SFA>
    <DEFECTCODE>26439</DEFECTCODE>
    <DESCRIPTION>Ce genre de fonction ne devrait pas « throw ». Déclarez-le 'noexcept' (f.6).</DESCRIPTION>
    <FUNCTION>cv::Mat::=</FUNCTION>
    <DECORATED>??4Mat@cv@@QEAAAEAV01@$$QEAV01@@Z</DECORATED>
    <FUNCLINE>1366</FUNCLINE>
    <PATH></PATH>
  </DEFECT><DEFECT>
    <SFA>
      <FILEPATH>C:\Users\technicien\Documents\Vision3D\Vision3DV3 - Copie\OpenCV_3.4.3\build\include\opencv2\core\</FILEPATH>
      <FILENAME>mat.inl.hpp</FILENAME>
      <LINE>1476</LINE>
      <COLUMN>9</COLUMN>
    </SFA>
    <DEFECTCODE>26495</DEFECTCODE>
    <DESCRIPTION>La variable 'cv::MatStep::buf' n'est pas initialisée. Initialisez toujours une variable membre (type.6).</DESCRIPTION>
    <FUNCTION>cv::MatStep::{ctor}</FUNCTION>
    <DECORATED>??0MatStep@cv@@QEAA@XZ</DECORATED>
    <FUNCLINE>1476</FUNCLINE>
    <ADDITIONALINFO>
      <targetSymbol>cv::MatStep::buf</targetSymbol>
    </ADDITIONALINFO>
    <PATH></PATH>
  </DEFECT><DEFECT>
    <SFA>
      <FILEPATH>C:\Users\technicien\Documents\Vision3D\Vision3DV3 - Copie\OpenCV_3.4.3\build\include\opencv2\core\</FILEPATH>
      <FILENAME>mat.inl.hpp</FILENAME>
      <LINE>1482</LINE>
      <COLUMN>9</COLUMN>
    </SFA>
    <DEFECTCODE>26495</DEFECTCODE>
    <DESCRIPTION>La variable 'cv::MatStep::buf' n'est pas initialisée. Initialisez toujours une variable membre (type.6).</DESCRIPTION>
    <FUNCTION>cv::MatStep::{ctor}</FUNCTION>
    <DECORATED>??0MatStep@cv@@QEAA@_K@Z</DECORATED>
    <FUNCLINE>1482</FUNCLINE>
    <ADDITIONALINFO>
      <targetSymbol>cv::MatStep::buf</targetSymbol>
    </ADDITIONALINFO>
    <PATH></PATH>
  </DEFECT><DEFECT>
    <SFA>
      <FILEPATH>C:\Users\technicien\Documents\Vision3D\Vision3DV3 - Copie\OpenCV_3.4.3\build\include\opencv2\core\</FILEPATH>
      <FILENAME>mat.inl.hpp</FILENAME>
      <LINE>2157</LINE>
      <COLUMN>11</COLUMN>
    </SFA>
    <DEFECTCODE>6297</DEFECTCODE>
    <DESCRIPTION>Débordement arithmétique. Les résultats peuvent ne pas être une valeur attendue.</DESCRIPTION>
    <FUNCTION>cv::SparseMat::elemSize</FUNCTION>
    <DECORATED>?elemSize@SparseMat@cv@@QEBA_KXZ</DECORATED>
    <FUNCLINE>2155</FUNCLINE>
    <PATH></PATH>
  </DEFECT><DEFECT>
    <SFA>
      <FILEPATH>C:\Users\technicien\Documents\Vision3D\Vision3DV3 - Copie\OpenCV_3.4.3\build\include\opencv2\core\</FILEPATH>
      <FILENAME>mat.inl.hpp</FILENAME>
      <LINE>2601</LINE>
      <COLUMN>23</COLUMN>
    </SFA>
    <DEFECTCODE>6011</DEFECTCODE>
    <DESCRIPTION>Déréférencement du pointeur NULL 'm'. Voir la ligne 2598 pour un emplacement antérieur dans lequel cela peut se produire</DESCRIPTION>
    <FUNCTION>cv::MatConstIterator::{ctor}</FUNCTION>
    <DECORATED>??0MatConstIterator@cv@@QEAA@PEBVMat@1@HH@Z</DECORATED>
    <FUNCLINE>2597</FUNCLINE>
    <PROBABILITY>1</PROBABILITY>
    <RANK>4</RANK>
    <CATEGORY>
      <RULECATEGORY>mspft</RULECATEGORY>
    </CATEGORY>
    <PATH>
      <SFA>
        <FILEPATH>C:\Users\technicien\Documents\Vision3D\Vision3DV3 - Copie\OpenCV_3.4.3\build\include\opencv2\core\</FILEPATH>
        <FILENAME>mat.inl.hpp</FILENAME>
        <LINE>2598</LINE>
        <COLUMN>7</COLUMN>
      </SFA>
      <SFA>
        <FILEPATH>C:\Users\technicien\Documents\Vision3D\Vision3DV3 - Copie\OpenCV_3.4.3\build\include\opencv2\core\</FILEPATH>
        <FILENAME>mat.inl.hpp</FILENAME>
        <LINE>2598</LINE>
        <COLUMN>21</COLUMN>
      </SFA>
      <SFA>
        <FILEPATH>C:\Users\technicien\Documents\Vision3D\Vision3DV3 - Copie\OpenCV_3.4.3\build\include\opencv2\core\</FILEPATH>
        <FILENAME>mat.inl.hpp</FILENAME>
        <LINE>2598</LINE>
        <COLUMN>42</COLUMN>
      </SFA>
      <SFA>
        <FILEPATH>C:\Users\technicien\Documents\Vision3D\Vision3DV3 - Copie\OpenCV_3.4.3\build\include\opencv2\core\</FILEPATH>
        <FILENAME>mat.inl.hpp</FILENAME>
        <LINE>2598</LINE>
        <COLUMN>57</COLUMN>
      </SFA>
      <SFA>
        <FILEPATH>C:\Users\technicien\Documents\Vision3D\Vision3DV3 - Copie\OpenCV_3.4.3\build\include\opencv2\core\</FILEPATH>
        <FILENAME>mat.inl.hpp</FILENAME>
        <LINE>2598</LINE>
        <COLUMN>70</COLUMN>
      </SFA>
      <SFA>
        <FILEPATH>C:\Users\technicien\Documents\Vision3D\Vision3DV3 - Copie\OpenCV_3.4.3\build\include\opencv2\core\</FILEPATH>
        <FILENAME>mat.inl.hpp</FILENAME>
        <LINE>2600</LINE>
        <COLUMN>4</COLUMN>
        <KEYEVENT>
          <ID>1</ID>
          <KIND>branch</KIND>
          <IMPORTANCE>Full</IMPORTANCE>
          <MESSAGE>'_m' peut avoir la valeur NULL (Ignorer cette branche)</MESSAGE>
        </KEYEVENT>
      </SFA>
      <SFA>
        <FILEPATH>C:\Users\technicien\Documents\Vision3D\Vision3DV3 - Copie\OpenCV_3.4.3\build\include\opencv2\core\</FILEPATH>
        <FILENAME>mat.inl.hpp</FILENAME>
        <LINE>2601</LINE>
        <COLUMN>23</COLUMN>
        <KEYEVENT>
          <ID>2</ID>
          <KIND>usage</KIND>
          <IMPORTANCE>Essential</IMPORTANCE>
          <MESSAGE>'_m' est déréférencé, mais peut encore avoir la valeur NULL</MESSAGE>
        </KEYEVENT>
      </SFA>
    </PATH>
  </DEFECT><DEFECT>
    <SFA>
      <FILEPATH>C:\Users\technicien\Documents\Vision3D\Vision3DV3 - Copie\OpenCV_3.4.3\build\include\opencv2\core\</FILEPATH>
      <FILENAME>mat.inl.hpp</FILENAME>
      <LINE>2615</LINE>
      <COLUMN>23</COLUMN>
    </SFA>
    <DEFECTCODE>6011</DEFECTCODE>
    <DESCRIPTION>Déréférencement du pointeur NULL 'm'. Voir la ligne 2612 pour un emplacement antérieur dans lequel cela peut se produire</DESCRIPTION>
    <FUNCTION>cv::MatConstIterator::{ctor}</FUNCTION>
    <DECORATED>??0MatConstIterator@cv@@QEAA@PEBVMat@1@V?$Point_@H@1@@Z</DECORATED>
    <FUNCLINE>2611</FUNCLINE>
    <PROBABILITY>1</PROBABILITY>
    <RANK>4</RANK>
    <CATEGORY>
      <RULECATEGORY>mspft</RULECATEGORY>
    </CATEGORY>
    <PATH>
      <SFA>
        <FILEPATH>C:\Users\technicien\Documents\Vision3D\Vision3DV3 - Copie\OpenCV_3.4.3\build\include\opencv2\core\</FILEPATH>
        <FILENAME>mat.inl.hpp</FILENAME>
        <LINE>2612</LINE>
        <COLUMN>7</COLUMN>
      </SFA>
      <SFA>
        <FILEPATH>C:\Users\technicien\Documents\Vision3D\Vision3DV3 - Copie\OpenCV_3.4.3\build\include\opencv2\core\</FILEPATH>
        <FILENAME>mat.inl.hpp</FILENAME>
        <LINE>2612</LINE>
        <COLUMN>21</COLUMN>
      </SFA>
      <SFA>
        <FILEPATH>C:\Users\technicien\Documents\Vision3D\Vision3DV3 - Copie\OpenCV_3.4.3\build\include\opencv2\core\</FILEPATH>
        <FILENAME>mat.inl.hpp</FILENAME>
        <LINE>2612</LINE>
        <COLUMN>42</COLUMN>
      </SFA>
      <SFA>
        <FILEPATH>C:\Users\technicien\Documents\Vision3D\Vision3DV3 - Copie\OpenCV_3.4.3\build\include\opencv2\core\</FILEPATH>
        <FILENAME>mat.inl.hpp</FILENAME>
        <LINE>2612</LINE>
        <COLUMN>57</COLUMN>
      </SFA>
      <SFA>
        <FILEPATH>C:\Users\technicien\Documents\Vision3D\Vision3DV3 - Copie\OpenCV_3.4.3\build\include\opencv2\core\</FILEPATH>
        <FILENAME>mat.inl.hpp</FILENAME>
        <LINE>2612</LINE>
        <COLUMN>70</COLUMN>
      </SFA>
      <SFA>
        <FILEPATH>C:\Users\technicien\Documents\Vision3D\Vision3DV3 - Copie\OpenCV_3.4.3\build\include\opencv2\core\</FILEPATH>
        <FILENAME>mat.inl.hpp</FILENAME>
        <LINE>2614</LINE>
        <COLUMN>4</COLUMN>
        <KEYEVENT>
          <ID>1</ID>
          <KIND>branch</KIND>
          <IMPORTANCE>Full</IMPORTANCE>
          <MESSAGE>'_m' peut avoir la valeur NULL (Ignorer cette branche)</MESSAGE>
        </KEYEVENT>
      </SFA>
      <SFA>
        <FILEPATH>C:\Users\technicien\Documents\Vision3D\Vision3DV3 - Copie\OpenCV_3.4.3\build\include\opencv2\core\</FILEPATH>
        <FILENAME>mat.inl.hpp</FILENAME>
        <LINE>2615</LINE>
        <COLUMN>23</COLUMN>
        <KEYEVENT>
          <ID>2</ID>
          <KIND>usage</KIND>
          <IMPORTANCE>Essential</IMPORTANCE>
          <MESSAGE>'_m' est déréférencé, mais peut encore avoir la valeur NULL</MESSAGE>
        </KEYEVENT>
      </SFA>
    </PATH>
  </DEFECT><DEFECT>
    <SFA>
      <FILEPATH>C:\Users\technicien\Documents\Vision3D\Vision3DV3 - Copie\OpenCV_3.4.3\build\include\opencv2\core\</FILEPATH>
      <FILENAME>mat.inl.hpp</FILENAME>
      <LINE>3849</LINE>
      <COLUMN>6</COLUMN>
    </SFA>
    <DEFECTCODE>26439</DEFECTCODE>
    <DESCRIPTION>Ce genre de fonction ne devrait pas « throw ». Déclarez-le 'noexcept' (f.6).</DESCRIPTION>
    <FUNCTION>cv::UMat::{ctor}</FUNCTION>
    <DECORATED>??0UMat@cv@@QEAA@$$QEAV01@@Z</DECORATED>
    <FUNCLINE>3849</FUNCLINE>
    <PATH></PATH>
  </DEFECT><DEFECT>
    <SFA>
      <FILEPATH>C:\Users\technicien\Documents\Vision3D\Vision3DV3 - Copie\OpenCV_3.4.3\build\include\opencv2\core\</FILEPATH>
      <FILENAME>mat.inl.hpp</FILENAME>
      <LINE>3873</LINE>
      <COLUMN>12</COLUMN>
    </SFA>
    <DEFECTCODE>26439</DEFECTCODE>
    <DESCRIPTION>Ce genre de fonction ne devrait pas « throw ». Déclarez-le 'noexcept' (f.6).</DESCRIPTION>
    <FUNCTION>cv::UMat::=</FUNCTION>
    <DECORATED>??4UMat@cv@@QEAAAEAV01@$$QEAV01@@Z</DECORATED>
    <FUNCLINE>3873</FUNCLINE>
    <PATH></PATH>
  </DEFECT><DEFECT>
    <SFA>
      <FILEPATH>C:\Users\technicien\Documents\Vision3D\Vision3DV3 - Copie\OpenCV_3.4.3\build\include\opencv2\core\</FILEPATH>
      <FILENAME>utility.hpp</FILENAME>
      <LINE>541</LINE>
      <COLUMN>60</COLUMN>
    </SFA>
    <DEFECTCODE>6297</DEFECTCODE>
    <DESCRIPTION>Débordement arithmétique. Les résultats peuvent ne pas être une valeur attendue.</DESCRIPTION>
    <FUNCTION>cv::getElemSize</FUNCTION>
    <DECORATED>?getElemSize@cv@@YA_KH@Z</DECORATED>
    <FUNCLINE>541</FUNCLINE>
    <PATH></PATH>
  </DEFECT><DEFECT>
    <SFA>
      <FILEPATH>C:\Users\technicien\Documents\Vision3D\Vision3DV3 - Copie\OpenCV_3.4.3\build\include\opencv2\core\</FILEPATH>
      <FILENAME>types_c.h</FILENAME>
      <LINE>334</LINE>
      <COLUMN>4</COLUMN>
    </SFA>
    <DEFECTCODE>26495</DEFECTCODE>
    <DESCRIPTION>La variable '_IplImage::tileInfo' n'est pas initialisée. Initialisez toujours une variable membre (type.6).</DESCRIPTION>
    <FUNCTION>_IplImage::{ctor}</FUNCTION>
    <DECORATED>??0_IplImage@@QEAA@XZ</DECORATED>
    <FUNCLINE>334</FUNCLINE>
    <ADDITIONALINFO>
      <targetSymbol>_IplImage::tileInfo</targetSymbol>
    </ADDITIONALINFO>
    <PATH></PATH>
  </DEFECT><DEFECT>
    <SFA>
      <FILEPATH>C:\Users\technicien\Documents\Vision3D\Vision3DV3 - Copie\OpenCV_3.4.3\build\include\opencv2\core\</FILEPATH>
      <FILENAME>types_c.h</FILENAME>
      <LINE>334</LINE>
      <COLUMN>4</COLUMN>
    </SFA>
    <DEFECTCODE>26495</DEFECTCODE>
    <DESCRIPTION>La variable '_IplImage::align' n'est pas initialisée. Initialisez toujours une variable membre (type.6).</DESCRIPTION>
    <FUNCTION>_IplImage::{ctor}</FUNCTION>
    <DECORATED>??0_IplImage@@QEAA@XZ</DECORATED>
    <FUNCLINE>334</FUNCLINE>
    <ADDITIONALINFO>
      <targetSymbol>_IplImage::align</targetSymbol>
    </ADDITIONALINFO>
    <PATH></PATH>
  </DEFECT><DEFECT>
    <SFA>
      <FILEPATH>C:\Users\technicien\Documents\Vision3D\Vision3DV3 - Copie\OpenCV_3.4.3\build\include\opencv2\core\</FILEPATH>
      <FILENAME>types_c.h</FILENAME>
      <LINE>334</LINE>
      <COLUMN>4</COLUMN>
    </SFA>
    <DEFECTCODE>26495</DEFECTCODE>
    <DESCRIPTION>La variable '_IplImage::origin' n'est pas initialisée. Initialisez toujours une variable membre (type.6).</DESCRIPTION>
    <FUNCTION>_IplImage::{ctor}</FUNCTION>
    <DECORATED>??0_IplImage@@QEAA@XZ</DECORATED>
    <FUNCLINE>334</FUNCLINE>
    <ADDITIONALINFO>
      <targetSymbol>_IplImage::origin</targetSymbol>
    </ADDITIONALINFO>
    <PATH></PATH>
  </DEFECT><DEFECT>
    <SFA>
      <FILEPATH>C:\Users\technicien\Documents\Vision3D\Vision3DV3 - Copie\OpenCV_3.4.3\build\include\opencv2\core\</FILEPATH>
      <FILENAME>types_c.h</FILENAME>
      <LINE>334</LINE>
      <COLUMN>4</COLUMN>
    </SFA>
    <DEFECTCODE>26495</DEFECTCODE>
    <DESCRIPTION>La variable '_IplImage::maskROI' n'est pas initialisée. Initialisez toujours une variable membre (type.6).</DESCRIPTION>
    <FUNCTION>_IplImage::{ctor}</FUNCTION>
    <DECORATED>??0_IplImage@@QEAA@XZ</DECORATED>
    <FUNCLINE>334</FUNCLINE>
    <ADDITIONALINFO>
      <targetSymbol>_IplImage::maskROI</targetSymbol>
    </ADDITIONALINFO>
    <PATH></PATH>
  </DEFECT><DEFECT>
    <SFA>
      <FILEPATH>C:\Users\technicien\Documents\Vision3D\Vision3DV3 - Copie\OpenCV_3.4.3\build\include\opencv2\core\</FILEPATH>
      <FILENAME>types_c.h</FILENAME>
      <LINE>334</LINE>
      <COLUMN>4</COLUMN>
    </SFA>
    <DEFECTCODE>26495</DEFECTCODE>
    <DESCRIPTION>La variable '_IplImage::width' n'est pas initialisée. Initialisez toujours une variable membre (type.6).</DESCRIPTION>
    <FUNCTION>_IplImage::{ctor}</FUNCTION>
    <DECORATED>??0_IplImage@@QEAA@XZ</DECORATED>
    <FUNCLINE>334</FUNCLINE>
    <ADDITIONALINFO>
      <targetSymbol>_IplImage::width</targetSymbol>
    </ADDITIONALINFO>
    <PATH></PATH>
  </DEFECT><DEFECT>
    <SFA>
      <FILEPATH>C:\Users\technicien\Documents\Vision3D\Vision3DV3 - Copie\OpenCV_3.4.3\build\include\opencv2\core\</FILEPATH>
      <FILENAME>types_c.h</FILENAME>
      <LINE>334</LINE>
      <COLUMN>4</COLUMN>
    </SFA>
    <DEFECTCODE>26495</DEFECTCODE>
    <DESCRIPTION>La variable '_IplImage::imageId' n'est pas initialisée. Initialisez toujours une variable membre (type.6).</DESCRIPTION>
    <FUNCTION>_IplImage::{ctor}</FUNCTION>
    <DECORATED>??0_IplImage@@QEAA@XZ</DECORATED>
    <FUNCLINE>334</FUNCLINE>
    <ADDITIONALINFO>
      <targetSymbol>_IplImage::imageId</targetSymbol>
    </ADDITIONALINFO>
    <PATH></PATH>
  </DEFECT><DEFECT>
    <SFA>
      <FILEPATH>C:\Users\technicien\Documents\Vision3D\Vision3DV3 - Copie\OpenCV_3.4.3\build\include\opencv2\core\</FILEPATH>
      <FILENAME>types_c.h</FILENAME>
      <LINE>334</LINE>
      <COLUMN>4</COLUMN>
    </SFA>
    <DEFECTCODE>26495</DEFECTCODE>
    <DESCRIPTION>La variable '_IplImage::alphaChannel' n'est pas initialisée. Initialisez toujours une variable membre (type.6).</DESCRIPTION>
    <FUNCTION>_IplImage::{ctor}</FUNCTION>
    <DECORATED>??0_IplImage@@QEAA@XZ</DECORATED>
    <FUNCLINE>334</FUNCLINE>
    <ADDITIONALINFO>
      <targetSymbol>_IplImage::alphaChannel</targetSymbol>
    </ADDITIONALINFO>
    <PATH></PATH>
  </DEFECT><DEFECT>
    <SFA>
      <FILEPATH>C:\Users\technicien\Documents\Vision3D\Vision3DV3 - Copie\OpenCV_3.4.3\build\include\opencv2\core\</FILEPATH>
      <FILENAME>types_c.h</FILENAME>
      <LINE>334</LINE>
      <COLUMN>4</COLUMN>
    </SFA>
    <DEFECTCODE>26495</DEFECTCODE>
    <DESCRIPTION>La variable '_IplImage::dataOrder' n'est pas initialisée. Initialisez toujours une variable membre (type.6).</DESCRIPTION>
    <FUNCTION>_IplImage::{ctor}</FUNCTION>
    <DECORATED>??0_IplImage@@QEAA@XZ</DECORATED>
    <FUNCLINE>334</FUNCLINE>
    <ADDITIONALINFO>
      <targetSymbol>_IplImage::dataOrder</targetSymbol>
    </ADDITIONALINFO>
    <PATH></PATH>
  </DEFECT><DEFECT>
    <SFA>
      <FILEPATH>C:\Users\technicien\Documents\Vision3D\Vision3DV3 - Copie\OpenCV_3.4.3\build\include\opencv2\core\</FILEPATH>
      <FILENAME>types_c.h</FILENAME>
      <LINE>334</LINE>
      <COLUMN>4</COLUMN>
    </SFA>
    <DEFECTCODE>26495</DEFECTCODE>
    <DESCRIPTION>La variable '_IplImage::channelSeq' n'est pas initialisée. Initialisez toujours une variable membre (type.6).</DESCRIPTION>
    <FUNCTION>_IplImage::{ctor}</FUNCTION>
    <DECORATED>??0_IplImage@@QEAA@XZ</DECORATED>
    <FUNCLINE>334</FUNCLINE>
    <ADDITIONALINFO>
      <targetSymbol>_IplImage::channelSeq</targetSymbol>
    </ADDITIONALINFO>
    <PATH></PATH>
  </DEFECT><DEFECT>
    <SFA>
      <FILEPATH>C:\Users\technicien\Documents\Vision3D\Vision3DV3 - Copie\OpenCV_3.4.3\build\include\opencv2\core\</FILEPATH>
      <FILENAME>types_c.h</FILENAME>
      <LINE>334</LINE>
      <COLUMN>4</COLUMN>
    </SFA>
    <DEFECTCODE>26495</DEFECTCODE>
    <DESCRIPTION>La variable '_IplImage::colorModel' n'est pas initialisée. Initialisez toujours une variable membre (type.6).</DESCRIPTION>
    <FUNCTION>_IplImage::{ctor}</FUNCTION>
    <DECORATED>??0_IplImage@@QEAA@XZ</DECORATED>
    <FUNCLINE>334</FUNCLINE>
    <ADDITIONALINFO>
      <targetSymbol>_IplImage::colorModel</targetSymbol>
    </ADDITIONALINFO>
    <PATH></PATH>
  </DEFECT><DEFECT>
    <SFA>
      <FILEPATH>C:\Users\technicien\Documents\Vision3D\Vision3DV3 - Copie\OpenCV_3.4.3\build\include\opencv2\core\</FILEPATH>
      <FILENAME>types_c.h</FILENAME>
      <LINE>334</LINE>
      <COLUMN>4</COLUMN>
    </SFA>
    <DEFECTCODE>26495</DEFECTCODE>
    <DESCRIPTION>La variable '_IplImage::depth' n'est pas initialisée. Initialisez toujours une variable membre (type.6).</DESCRIPTION>
    <FUNCTION>_IplImage::{ctor}</FUNCTION>
    <DECORATED>??0_IplImage@@QEAA@XZ</DECORATED>
    <FUNCLINE>334</FUNCLINE>
    <ADDITIONALINFO>
      <targetSymbol>_IplImage::depth</targetSymbol>
    </ADDITIONALINFO>
    <PATH></PATH>
  </DEFECT><DEFECT>
    <SFA>
      <FILEPATH>C:\Users\technicien\Documents\Vision3D\Vision3DV3 - Copie\OpenCV_3.4.3\build\include\opencv2\core\</FILEPATH>
      <FILENAME>types_c.h</FILENAME>
      <LINE>334</LINE>
      <COLUMN>4</COLUMN>
    </SFA>
    <DEFECTCODE>26495</DEFECTCODE>
    <DESCRIPTION>La variable '_IplImage::nChannels' n'est pas initialisée. Initialisez toujours une variable membre (type.6).</DESCRIPTION>
    <FUNCTION>_IplImage::{ctor}</FUNCTION>
    <DECORATED>??0_IplImage@@QEAA@XZ</DECORATED>
    <FUNCLINE>334</FUNCLINE>
    <ADDITIONALINFO>
      <targetSymbol>_IplImage::nChannels</targetSymbol>
    </ADDITIONALINFO>
    <PATH></PATH>
  </DEFECT><DEFECT>
    <SFA>
      <FILEPATH>C:\Users\technicien\Documents\Vision3D\Vision3DV3 - Copie\OpenCV_3.4.3\build\include\opencv2\core\</FILEPATH>
      <FILENAME>types_c.h</FILENAME>
      <LINE>334</LINE>
      <COLUMN>4</COLUMN>
    </SFA>
    <DEFECTCODE>26495</DEFECTCODE>
    <DESCRIPTION>La variable '_IplImage::ID' n'est pas initialisée. Initialisez toujours une variable membre (type.6).</DESCRIPTION>
    <FUNCTION>_IplImage::{ctor}</FUNCTION>
    <DECORATED>??0_IplImage@@QEAA@XZ</DECORATED>
    <FUNCLINE>334</FUNCLINE>
    <ADDITIONALINFO>
      <targetSymbol>_IplImage::ID</targetSymbol>
    </ADDITIONALINFO>
    <PATH></PATH>
  </DEFECT><DEFECT>
    <SFA>
      <FILEPATH>C:\Users\technicien\Documents\Vision3D\Vision3DV3 - Copie\OpenCV_3.4.3\build\include\opencv2\core\</FILEPATH>
      <FILENAME>types_c.h</FILENAME>
      <LINE>334</LINE>
      <COLUMN>4</COLUMN>
    </SFA>
    <DEFECTCODE>26495</DEFECTCODE>
    <DESCRIPTION>La variable '_IplImage::imageDataOrigin' n'est pas initialisée. Initialisez toujours une variable membre (type.6).</DESCRIPTION>
    <FUNCTION>_IplImage::{ctor}</FUNCTION>
    <DECORATED>??0_IplImage@@QEAA@XZ</DECORATED>
    <FUNCLINE>334</FUNCLINE>
    <ADDITIONALINFO>
      <targetSymbol>_IplImage::imageDataOrigin</targetSymbol>
    </ADDITIONALINFO>
    <PATH></PATH>
  </DEFECT><DEFECT>
    <SFA>
      <FILEPATH>C:\Users\technicien\Documents\Vision3D\Vision3DV3 - Copie\OpenCV_3.4.3\build\include\opencv2\core\</FILEPATH>
      <FILENAME>types_c.h</FILENAME>
      <LINE>334</LINE>
      <COLUMN>4</COLUMN>
    </SFA>
    <DEFECTCODE>26495</DEFECTCODE>
    <DESCRIPTION>La variable '_IplImage::height' n'est pas initialisée. Initialisez toujours une variable membre (type.6).</DESCRIPTION>
    <FUNCTION>_IplImage::{ctor}</FUNCTION>
    <DECORATED>??0_IplImage@@QEAA@XZ</DECORATED>
    <FUNCLINE>334</FUNCLINE>
    <ADDITIONALINFO>
      <targetSymbol>_IplImage::height</targetSymbol>
    </ADDITIONALINFO>
    <PATH></PATH>
  </DEFECT><DEFECT>
    <SFA>
      <FILEPATH>C:\Users\technicien\Documents\Vision3D\Vision3DV3 - Copie\OpenCV_3.4.3\build\include\opencv2\core\</FILEPATH>
      <FILENAME>types_c.h</FILENAME>
      <LINE>334</LINE>
      <COLUMN>4</COLUMN>
    </SFA>
    <DEFECTCODE>26495</DEFECTCODE>
    <DESCRIPTION>La variable '_IplImage::imageSize' n'est pas initialisée. Initialisez toujours une variable membre (type.6).</DESCRIPTION>
    <FUNCTION>_IplImage::{ctor}</FUNCTION>
    <DECORATED>??0_IplImage@@QEAA@XZ</DECORATED>
    <FUNCLINE>334</FUNCLINE>
    <ADDITIONALINFO>
      <targetSymbol>_IplImage::imageSize</targetSymbol>
    </ADDITIONALINFO>
    <PATH></PATH>
  </DEFECT><DEFECT>
    <SFA>
      <FILEPATH>C:\Users\technicien\Documents\Vision3D\Vision3DV3 - Copie\OpenCV_3.4.3\build\include\opencv2\core\</FILEPATH>
      <FILENAME>types_c.h</FILENAME>
      <LINE>334</LINE>
      <COLUMN>4</COLUMN>
    </SFA>
    <DEFECTCODE>26495</DEFECTCODE>
    <DESCRIPTION>La variable '_IplImage::BorderConst' n'est pas initialisée. Initialisez toujours une variable membre (type.6).</DESCRIPTION>
    <FUNCTION>_IplImage::{ctor}</FUNCTION>
    <DECORATED>??0_IplImage@@QEAA@XZ</DECORATED>
    <FUNCLINE>334</FUNCLINE>
    <ADDITIONALINFO>
      <targetSymbol>_IplImage::BorderConst</targetSymbol>
    </ADDITIONALINFO>
    <PATH></PATH>
  </DEFECT><DEFECT>
    <SFA>
      <FILEPATH>C:\Users\technicien\Documents\Vision3D\Vision3DV3 - Copie\OpenCV_3.4.3\build\include\opencv2\core\</FILEPATH>
      <FILENAME>types_c.h</FILENAME>
      <LINE>334</LINE>
      <COLUMN>4</COLUMN>
    </SFA>
    <DEFECTCODE>26495</DEFECTCODE>
    <DESCRIPTION>La variable '_IplImage::widthStep' n'est pas initialisée. Initialisez toujours une variable membre (type.6).</DESCRIPTION>
    <FUNCTION>_IplImage::{ctor}</FUNCTION>
    <DECORATED>??0_IplImage@@QEAA@XZ</DECORATED>
    <FUNCLINE>334</FUNCLINE>
    <ADDITIONALINFO>
      <targetSymbol>_IplImage::widthStep</targetSymbol>
    </ADDITIONALINFO>
    <PATH></PATH>
  </DEFECT><DEFECT>
    <SFA>
      <FILEPATH>C:\Users\technicien\Documents\Vision3D\Vision3DV3 - Copie\OpenCV_3.4.3\build\include\opencv2\core\</FILEPATH>
      <FILENAME>types_c.h</FILENAME>
      <LINE>334</LINE>
      <COLUMN>4</COLUMN>
    </SFA>
    <DEFECTCODE>26495</DEFECTCODE>
    <DESCRIPTION>La variable '_IplImage::BorderMode' n'est pas initialisée. Initialisez toujours une variable membre (type.6).</DESCRIPTION>
    <FUNCTION>_IplImage::{ctor}</FUNCTION>
    <DECORATED>??0_IplImage@@QEAA@XZ</DECORATED>
    <FUNCLINE>334</FUNCLINE>
    <ADDITIONALINFO>
      <targetSymbol>_IplImage::BorderMode</targetSymbol>
    </ADDITIONALINFO>
    <PATH></PATH>
  </DEFECT><DEFECT>
    <SFA>
      <FILEPATH>C:\Users\technicien\Documents\Vision3D\Vision3DV3 - Copie\OpenCV_3.4.3\build\include\opencv2\core\</FILEPATH>
      <FILENAME>types_c.h</FILENAME>
      <LINE>334</LINE>
      <COLUMN>4</COLUMN>
    </SFA>
    <DEFECTCODE>26495</DEFECTCODE>
    <DESCRIPTION>La variable '_IplImage::imageData' n'est pas initialisée. Initialisez toujours une variable membre (type.6).</DESCRIPTION>
    <FUNCTION>_IplImage::{ctor}</FUNCTION>
    <DECORATED>??0_IplImage@@QEAA@XZ</DECORATED>
    <FUNCLINE>334</FUNCLINE>
    <ADDITIONALINFO>
      <targetSymbol>_IplImage::imageData</targetSymbol>
    </ADDITIONALINFO>
    <PATH></PATH>
  </DEFECT><DEFECT>
    <SFA>
      <FILEPATH>C:\Users\technicien\Documents\Vision3D\Vision3DV3 - Copie\OpenCV_3.4.3\build\include\opencv2\core\</FILEPATH>
      <FILENAME>types_c.h</FILENAME>
      <LINE>334</LINE>
      <COLUMN>4</COLUMN>
    </SFA>
    <DEFECTCODE>26495</DEFECTCODE>
    <DESCRIPTION>La variable '_IplImage::roi' n'est pas initialisée. Initialisez toujours une variable membre (type.6).</DESCRIPTION>
    <FUNCTION>_IplImage::{ctor}</FUNCTION>
    <DECORATED>??0_IplImage@@QEAA@XZ</DECORATED>
    <FUNCLINE>334</FUNCLINE>
    <ADDITIONALINFO>
      <targetSymbol>_IplImage::roi</targetSymbol>
    </ADDITIONALINFO>
    <PATH></PATH>
  </DEFECT><DEFECT>
    <SFA>
      <FILEPATH>C:\Users\technicien\Documents\Vision3D\Vision3DV3 - Copie\OpenCV_3.4.3\build\include\opencv2\core\</FILEPATH>
      <FILENAME>types_c.h</FILENAME>
      <LINE>334</LINE>
      <COLUMN>4</COLUMN>
    </SFA>
    <DEFECTCODE>26495</DEFECTCODE>
    <DESCRIPTION>La variable '_IplImage::nSize' n'est pas initialisée. Initialisez toujours une variable membre (type.6).</DESCRIPTION>
    <FUNCTION>_IplImage::{ctor}</FUNCTION>
    <DECORATED>??0_IplImage@@QEAA@XZ</DECORATED>
    <FUNCLINE>334</FUNCLINE>
    <ADDITIONALINFO>
      <targetSymbol>_IplImage::nSize</targetSymbol>
    </ADDITIONALINFO>
    <PATH></PATH>
  </DEFECT><DEFECT>
    <SFA>
      <FILEPATH>C:\Users\technicien\Documents\Vision3D\Vision3DV3 - Copie\OpenCV_3.4.3\build\include\opencv2\core\</FILEPATH>
      <FILENAME>types_c.h</FILENAME>
      <LINE>465</LINE>
      <COLUMN>4</COLUMN>
    </SFA>
    <DEFECTCODE>26495</DEFECTCODE>
    <DESCRIPTION>La variable 'CvMat::&lt;unnamed-tag&gt;::width' n'est pas initialisée. Initialisez toujours une variable membre (type.6).</DESCRIPTION>
    <FUNCTION>CvMat::{ctor}</FUNCTION>
    <DECORATED>??0CvMat@@QEAA@XZ</DECORATED>
    <FUNCLINE>465</FUNCLINE>
    <ADDITIONALINFO>
      <targetSymbol>CvMat::&lt;unnamed-tag&gt;::width</targetSymbol>
    </ADDITIONALINFO>
    <PATH></PATH>
  </DEFECT><DEFECT>
    <SFA>
      <FILEPATH>C:\Users\technicien\Documents\Vision3D\Vision3DV3 - Copie\OpenCV_3.4.3\build\include\opencv2\core\</FILEPATH>
      <FILENAME>types_c.h</FILENAME>
      <LINE>465</LINE>
      <COLUMN>4</COLUMN>
    </SFA>
    <DEFECTCODE>26495</DEFECTCODE>
    <DESCRIPTION>La variable 'CvMat::&lt;unnamed-tag&gt;::cols' n'est pas initialisée. Initialisez toujours une variable membre (type.6).</DESCRIPTION>
    <FUNCTION>CvMat::{ctor}</FUNCTION>
    <DECORATED>??0CvMat@@QEAA@XZ</DECORATED>
    <FUNCLINE>465</FUNCLINE>
    <ADDITIONALINFO>
      <targetSymbol>CvMat::&lt;unnamed-tag&gt;::cols</targetSymbol>
    </ADDITIONALINFO>
    <PATH></PATH>
  </DEFECT><DEFECT>
    <SFA>
      <FILEPATH>C:\Users\technicien\Documents\Vision3D\Vision3DV3 - Copie\OpenCV_3.4.3\build\include\opencv2\core\</FILEPATH>
      <FILENAME>types_c.h</FILENAME>
      <LINE>465</LINE>
      <COLUMN>4</COLUMN>
    </SFA>
    <DEFECTCODE>26495</DEFECTCODE>
    <DESCRIPTION>La variable 'CvMat::hdr_refcount' n'est pas initialisée. Initialisez toujours une variable membre (type.6).</DESCRIPTION>
    <FUNCTION>CvMat::{ctor}</FUNCTION>
    <DECORATED>??0CvMat@@QEAA@XZ</DECORATED>
    <FUNCLINE>465</FUNCLINE>
    <ADDITIONALINFO>
      <targetSymbol>CvMat::hdr_refcount</targetSymbol>
    </ADDITIONALINFO>
    <PATH></PATH>
  </DEFECT><DEFECT>
    <SFA>
      <FILEPATH>C:\Users\technicien\Documents\Vision3D\Vision3DV3 - Copie\OpenCV_3.4.3\build\include\opencv2\core\</FILEPATH>
      <FILENAME>types_c.h</FILENAME>
      <LINE>465</LINE>
      <COLUMN>4</COLUMN>
    </SFA>
    <DEFECTCODE>26495</DEFECTCODE>
    <DESCRIPTION>La variable 'CvMat::refcount' n'est pas initialisée. Initialisez toujours une variable membre (type.6).</DESCRIPTION>
    <FUNCTION>CvMat::{ctor}</FUNCTION>
    <DECORATED>??0CvMat@@QEAA@XZ</DECORATED>
    <FUNCLINE>465</FUNCLINE>
    <ADDITIONALINFO>
      <targetSymbol>CvMat::refcount</targetSymbol>
    </ADDITIONALINFO>
    <PATH></PATH>
  </DEFECT><DEFECT>
    <SFA>
      <FILEPATH>C:\Users\technicien\Documents\Vision3D\Vision3DV3 - Copie\OpenCV_3.4.3\build\include\opencv2\core\</FILEPATH>
      <FILENAME>types_c.h</FILENAME>
      <LINE>465</LINE>
      <COLUMN>4</COLUMN>
    </SFA>
    <DEFECTCODE>26495</DEFECTCODE>
    <DESCRIPTION>La variable 'CvMat::step' n'est pas initialisée. Initialisez toujours une variable membre (type.6).</DESCRIPTION>
    <FUNCTION>CvMat::{ctor}</FUNCTION>
    <DECORATED>??0CvMat@@QEAA@XZ</DECORATED>
    <FUNCLINE>465</FUNCLINE>
    <ADDITIONALINFO>
      <targetSymbol>CvMat::step</targetSymbol>
    </ADDITIONALINFO>
    <PATH></PATH>
  </DEFECT><DEFECT>
    <SFA>
      <FILEPATH>C:\Users\technicien\Documents\Vision3D\Vision3DV3 - Copie\OpenCV_3.4.3\build\include\opencv2\core\</FILEPATH>
      <FILENAME>types_c.h</FILENAME>
      <LINE>465</LINE>
      <COLUMN>4</COLUMN>
    </SFA>
    <DEFECTCODE>26495</DEFECTCODE>
    <DESCRIPTION>La variable 'CvMat::data' n'est pas initialisée. Initialisez toujours une variable membre (type.6).</DESCRIPTION>
    <FUNCTION>CvMat::{ctor}</FUNCTION>
    <DECORATED>??0CvMat@@QEAA@XZ</DECORATED>
    <FUNCLINE>465</FUNCLINE>
    <ADDITIONALINFO>
      <targetSymbol>CvMat::data</targetSymbol>
    </ADDITIONALINFO>
    <PATH></PATH>
  </DEFECT><DEFECT>
    <SFA>
      <FILEPATH>C:\Users\technicien\Documents\Vision3D\Vision3DV3 - Copie\OpenCV_3.4.3\build\include\opencv2\core\</FILEPATH>
      <FILENAME>types_c.h</FILENAME>
      <LINE>465</LINE>
      <COLUMN>4</COLUMN>
    </SFA>
    <DEFECTCODE>26495</DEFECTCODE>
    <DESCRIPTION>La variable 'CvMat::&lt;unnamed-tag&gt;::height' n'est pas initialisée. Initialisez toujours une variable membre (type.6).</DESCRIPTION>
    <FUNCTION>CvMat::{ctor}</FUNCTION>
    <DECORATED>??0CvMat@@QEAA@XZ</DECORATED>
    <FUNCLINE>465</FUNCLINE>
    <ADDITIONALINFO>
      <targetSymbol>CvMat::&lt;unnamed-tag&gt;::height</targetSymbol>
    </ADDITIONALINFO>
    <PATH></PATH>
  </DEFECT><DEFECT>
    <SFA>
      <FILEPATH>C:\Users\technicien\Documents\Vision3D\Vision3DV3 - Copie\OpenCV_3.4.3\build\include\opencv2\core\</FILEPATH>
      <FILENAME>types_c.h</FILENAME>
      <LINE>465</LINE>
      <COLUMN>4</COLUMN>
    </SFA>
    <DEFECTCODE>26495</DEFECTCODE>
    <DESCRIPTION>La variable 'CvMat::type' n'est pas initialisée. Initialisez toujours une variable membre (type.6).</DESCRIPTION>
    <FUNCTION>CvMat::{ctor}</FUNCTION>
    <DECORATED>??0CvMat@@QEAA@XZ</DECORATED>
    <FUNCLINE>465</FUNCLINE>
    <ADDITIONALINFO>
      <targetSymbol>CvMat::type</targetSymbol>
    </ADDITIONALINFO>
    <PATH></PATH>
  </DEFECT><DEFECT>
    <SFA>
      <FILEPATH>C:\Users\technicien\Documents\Vision3D\Vision3DV3 - Copie\OpenCV_3.4.3\build\include\opencv2\core\</FILEPATH>
      <FILENAME>types_c.h</FILENAME>
      <LINE>465</LINE>
      <COLUMN>4</COLUMN>
    </SFA>
    <DEFECTCODE>26495</DEFECTCODE>
    <DESCRIPTION>La variable 'CvMat::&lt;unnamed-tag&gt;::rows' n'est pas initialisée. Initialisez toujours une variable membre (type.6).</DESCRIPTION>
    <FUNCTION>CvMat::{ctor}</FUNCTION>
    <DECORATED>??0CvMat@@QEAA@XZ</DECORATED>
    <FUNCLINE>465</FUNCLINE>
    <ADDITIONALINFO>
      <targetSymbol>CvMat::&lt;unnamed-tag&gt;::rows</targetSymbol>
    </ADDITIONALINFO>
    <PATH></PATH>
  </DEFECT><DEFECT>
    <SFA>
      <FILEPATH>C:\Users\technicien\Documents\Vision3D\Vision3DV3 - Copie\OpenCV_3.4.3\build\include\opencv2\core\</FILEPATH>
      <FILENAME>types_c.h</FILENAME>
      <LINE>665</LINE>
      <COLUMN>4</COLUMN>
    </SFA>
    <DEFECTCODE>26495</DEFECTCODE>
    <DESCRIPTION>La variable 'CvMatND::dims' n'est pas initialisée. Initialisez toujours une variable membre (type.6).</DESCRIPTION>
    <FUNCTION>CvMatND::{ctor}</FUNCTION>
    <DECORATED>??0CvMatND@@QEAA@XZ</DECORATED>
    <FUNCLINE>665</FUNCLINE>
    <ADDITIONALINFO>
      <targetSymbol>CvMatND::dims</targetSymbol>
    </ADDITIONALINFO>
    <PATH></PATH>
  </DEFECT><DEFECT>
    <SFA>
      <FILEPATH>C:\Users\technicien\Documents\Vision3D\Vision3DV3 - Copie\OpenCV_3.4.3\build\include\opencv2\core\</FILEPATH>
      <FILENAME>types_c.h</FILENAME>
      <LINE>665</LINE>
      <COLUMN>4</COLUMN>
    </SFA>
    <DEFECTCODE>26495</DEFECTCODE>
    <DESCRIPTION>La variable 'CvMatND::type' n'est pas initialisée. Initialisez toujours une variable membre (type.6).</DESCRIPTION>
    <FUNCTION>CvMatND::{ctor}</FUNCTION>
    <DECORATED>??0CvMatND@@QEAA@XZ</DECORATED>
    <FUNCLINE>665</FUNCLINE>
    <ADDITIONALINFO>
      <targetSymbol>CvMatND::type</targetSymbol>
    </ADDITIONALINFO>
    <PATH></PATH>
  </DEFECT><DEFECT>
    <SFA>
      <FILEPATH>C:\Users\technicien\Documents\Vision3D\Vision3DV3 - Copie\OpenCV_3.4.3\build\include\opencv2\core\</FILEPATH>
      <FILENAME>types_c.h</FILENAME>
      <LINE>665</LINE>
      <COLUMN>4</COLUMN>
    </SFA>
    <DEFECTCODE>26495</DEFECTCODE>
    <DESCRIPTION>La variable 'CvMatND::refcount' n'est pas initialisée. Initialisez toujours une variable membre (type.6).</DESCRIPTION>
    <FUNCTION>CvMatND::{ctor}</FUNCTION>
    <DECORATED>??0CvMatND@@QEAA@XZ</DECORATED>
    <FUNCLINE>665</FUNCLINE>
    <ADDITIONALINFO>
      <targetSymbol>CvMatND::refcount</targetSymbol>
    </ADDITIONALINFO>
    <PATH></PATH>
  </DEFECT><DEFECT>
    <SFA>
      <FILEPATH>C:\Users\technicien\Documents\Vision3D\Vision3DV3 - Copie\OpenCV_3.4.3\build\include\opencv2\core\</FILEPATH>
      <FILENAME>types_c.h</FILENAME>
      <LINE>665</LINE>
      <COLUMN>4</COLUMN>
    </SFA>
    <DEFECTCODE>26495</DEFECTCODE>
    <DESCRIPTION>La variable 'CvMatND::hdr_refcount' n'est pas initialisée. Initialisez toujours une variable membre (type.6).</DESCRIPTION>
    <FUNCTION>CvMatND::{ctor}</FUNCTION>
    <DECORATED>??0CvMatND@@QEAA@XZ</DECORATED>
    <FUNCLINE>665</FUNCLINE>
    <ADDITIONALINFO>
      <targetSymbol>CvMatND::hdr_refcount</targetSymbol>
    </ADDITIONALINFO>
    <PATH></PATH>
  </DEFECT><DEFECT>
    <SFA>
      <FILEPATH>C:\Users\technicien\Documents\Vision3D\Vision3DV3 - Copie\OpenCV_3.4.3\build\include\opencv2\core\</FILEPATH>
      <FILENAME>types_c.h</FILENAME>
      <LINE>665</LINE>
      <COLUMN>4</COLUMN>
    </SFA>
    <DEFECTCODE>26495</DEFECTCODE>
    <DESCRIPTION>La variable 'CvMatND::dim' n'est pas initialisée. Initialisez toujours une variable membre (type.6).</DESCRIPTION>
    <FUNCTION>CvMatND::{ctor}</FUNCTION>
    <DECORATED>??0CvMatND@@QEAA@XZ</DECORATED>
    <FUNCLINE>665</FUNCLINE>
    <ADDITIONALINFO>
      <targetSymbol>CvMatND::dim</targetSymbol>
    </ADDITIONALINFO>
    <PATH></PATH>
  </DEFECT><DEFECT>
    <SFA>
      <FILEPATH>C:\Users\technicien\Documents\Vision3D\Vision3DV3 - Copie\OpenCV_3.4.3\build\include\opencv2\core\</FILEPATH>
      <FILENAME>types_c.h</FILENAME>
      <LINE>665</LINE>
      <COLUMN>4</COLUMN>
    </SFA>
    <DEFECTCODE>26495</DEFECTCODE>
    <DESCRIPTION>La variable 'CvMatND::data' n'est pas initialisée. Initialisez toujours une variable membre (type.6).</DESCRIPTION>
    <FUNCTION>CvMatND::{ctor}</FUNCTION>
    <DECORATED>??0CvMatND@@QEAA@XZ</DECORATED>
    <FUNCLINE>665</FUNCLINE>
    <ADDITIONALINFO>
      <targetSymbol>CvMatND::data</targetSymbol>
    </ADDITIONALINFO>
    <PATH></PATH>
  </DEFECT><DEFECT>
    <SFA>
      <FILEPATH>C:\Users\technicien\Documents\Vision3D\Vision3DV3 - Copie\OpenCV_3.4.3\build\include\opencv2\core\</FILEPATH>
      <FILENAME>types_c.h</FILENAME>
      <LINE>1152</LINE>
      <COLUMN>4</COLUMN>
    </SFA>
    <DEFECTCODE>26495</DEFECTCODE>
    <DESCRIPTION>La variable 'CvScalar::val' n'est pas initialisée. Initialisez toujours une variable membre (type.6).</DESCRIPTION>
    <FUNCTION>CvScalar::{ctor}</FUNCTION>
    <DECORATED>??0CvScalar@@QEAA@XZ</DECORATED>
    <FUNCLINE>1152</FUNCLINE>
    <ADDITIONALINFO>
      <targetSymbol>CvScalar::val</targetSymbol>
    </ADDITIONALINFO>
    <PATH></PATH>
  </DEFECT><DEFECT>
    <SFA>
      <FILEPATH>C:\Users\technicien\Documents\Vision3D\Vision3DV3 - Copie\OpenCV_3.4.3\build\include\opencv2\imgproc\</FILEPATH>
      <FILENAME>types_c.h</FILENAME>
      <LINE>414</LINE>
      <COLUMN>4</COLUMN>
    </SFA>
    <DEFECTCODE>26495</DEFECTCODE>
    <DESCRIPTION>La variable 'CvMoments::mu12' n'est pas initialisée. Initialisez toujours une variable membre (type.6).</DESCRIPTION>
    <FUNCTION>CvMoments::{ctor}</FUNCTION>
    <DECORATED>??0CvMoments@@QEAA@XZ</DECORATED>
    <FUNCLINE>414</FUNCLINE>
    <ADDITIONALINFO>
      <targetSymbol>CvMoments::mu12</targetSymbol>
    </ADDITIONALINFO>
    <PATH></PATH>
  </DEFECT><DEFECT>
    <SFA>
      <FILEPATH>C:\Users\technicien\Documents\Vision3D\Vision3DV3 - Copie\OpenCV_3.4.3\build\include\opencv2\imgproc\</FILEPATH>
      <FILENAME>types_c.h</FILENAME>
      <LINE>414</LINE>
      <COLUMN>4</COLUMN>
    </SFA>
    <DEFECTCODE>26495</DEFECTCODE>
    <DESCRIPTION>La variable 'CvMoments::m01' n'est pas initialisée. Initialisez toujours une variable membre (type.6).</DESCRIPTION>
    <FUNCTION>CvMoments::{ctor}</FUNCTION>
    <DECORATED>??0CvMoments@@QEAA@XZ</DECORATED>
    <FUNCLINE>414</FUNCLINE>
    <ADDITIONALINFO>
      <targetSymbol>CvMoments::m01</targetSymbol>
    </ADDITIONALINFO>
    <PATH></PATH>
  </DEFECT><DEFECT>
    <SFA>
      <FILEPATH>C:\Users\technicien\Documents\Vision3D\Vision3DV3 - Copie\OpenCV_3.4.3\build\include\opencv2\imgproc\</FILEPATH>
      <FILENAME>types_c.h</FILENAME>
      <LINE>414</LINE>
      <COLUMN>4</COLUMN>
    </SFA>
    <DEFECTCODE>26495</DEFECTCODE>
    <DESCRIPTION>La variable 'CvMoments::mu30' n'est pas initialisée. Initialisez toujours une variable membre (type.6).</DESCRIPTION>
    <FUNCTION>CvMoments::{ctor}</FUNCTION>
    <DECORATED>??0CvMoments@@QEAA@XZ</DECORATED>
    <FUNCLINE>414</FUNCLINE>
    <ADDITIONALINFO>
      <targetSymbol>CvMoments::mu30</targetSymbol>
    </ADDITIONALINFO>
    <PATH></PATH>
  </DEFECT><DEFECT>
    <SFA>
      <FILEPATH>C:\Users\technicien\Documents\Vision3D\Vision3DV3 - Copie\OpenCV_3.4.3\build\include\opencv2\imgproc\</FILEPATH>
      <FILENAME>types_c.h</FILENAME>
      <LINE>414</LINE>
      <COLUMN>4</COLUMN>
    </SFA>
    <DEFECTCODE>26495</DEFECTCODE>
    <DESCRIPTION>La variable 'CvMoments::inv_sqrt_m00' n'est pas initialisée. Initialisez toujours une variable membre (type.6).</DESCRIPTION>
    <FUNCTION>CvMoments::{ctor}</FUNCTION>
    <DECORATED>??0CvMoments@@QEAA@XZ</DECORATED>
    <FUNCLINE>414</FUNCLINE>
    <ADDITIONALINFO>
      <targetSymbol>CvMoments::inv_sqrt_m00</targetSymbol>
    </ADDITIONALINFO>
    <PATH></PATH>
  </DEFECT><DEFECT>
    <SFA>
      <FILEPATH>C:\Users\technicien\Documents\Vision3D\Vision3DV3 - Copie\OpenCV_3.4.3\build\include\opencv2\imgproc\</FILEPATH>
      <FILENAME>types_c.h</FILENAME>
      <LINE>414</LINE>
      <COLUMN>4</COLUMN>
    </SFA>
    <DEFECTCODE>26495</DEFECTCODE>
    <DESCRIPTION>La variable 'CvMoments::mu03' n'est pas initialisée. Initialisez toujours une variable membre (type.6).</DESCRIPTION>
    <FUNCTION>CvMoments::{ctor}</FUNCTION>
    <DECORATED>??0CvMoments@@QEAA@XZ</DECORATED>
    <FUNCLINE>414</FUNCLINE>
    <ADDITIONALINFO>
      <targetSymbol>CvMoments::mu03</targetSymbol>
    </ADDITIONALINFO>
    <PATH></PATH>
  </DEFECT><DEFECT>
    <SFA>
      <FILEPATH>C:\Users\technicien\Documents\Vision3D\Vision3DV3 - Copie\OpenCV_3.4.3\build\include\opencv2\imgproc\</FILEPATH>
      <FILENAME>types_c.h</FILENAME>
      <LINE>414</LINE>
      <COLUMN>4</COLUMN>
    </SFA>
    <DEFECTCODE>26495</DEFECTCODE>
    <DESCRIPTION>La variable 'CvMoments::mu02' n'est pas initialisée. Initialisez toujours une variable membre (type.6).</DESCRIPTION>
    <FUNCTION>CvMoments::{ctor}</FUNCTION>
    <DECORATED>??0CvMoments@@QEAA@XZ</DECORATED>
    <FUNCLINE>414</FUNCLINE>
    <ADDITIONALINFO>
      <targetSymbol>CvMoments::mu02</targetSymbol>
    </ADDITIONALINFO>
    <PATH></PATH>
  </DEFECT><DEFECT>
    <SFA>
      <FILEPATH>C:\Users\technicien\Documents\Vision3D\Vision3DV3 - Copie\OpenCV_3.4.3\build\include\opencv2\imgproc\</FILEPATH>
      <FILENAME>types_c.h</FILENAME>
      <LINE>414</LINE>
      <COLUMN>4</COLUMN>
    </SFA>
    <DEFECTCODE>26495</DEFECTCODE>
    <DESCRIPTION>La variable 'CvMoments::m03' n'est pas initialisée. Initialisez toujours une variable membre (type.6).</DESCRIPTION>
    <FUNCTION>CvMoments::{ctor}</FUNCTION>
    <DECORATED>??0CvMoments@@QEAA@XZ</DECORATED>
    <FUNCLINE>414</FUNCLINE>
    <ADDITIONALINFO>
      <targetSymbol>CvMoments::m03</targetSymbol>
    </ADDITIONALINFO>
    <PATH></PATH>
  </DEFECT><DEFECT>
    <SFA>
      <FILEPATH>C:\Users\technicien\Documents\Vision3D\Vision3DV3 - Copie\OpenCV_3.4.3\build\include\opencv2\imgproc\</FILEPATH>
      <FILENAME>types_c.h</FILENAME>
      <LINE>414</LINE>
      <COLUMN>4</COLUMN>
    </SFA>
    <DEFECTCODE>26495</DEFECTCODE>
    <DESCRIPTION>La variable 'CvMoments::m30' n'est pas initialisée. Initialisez toujours une variable membre (type.6).</DESCRIPTION>
    <FUNCTION>CvMoments::{ctor}</FUNCTION>
    <DECORATED>??0CvMoments@@QEAA@XZ</DECORATED>
    <FUNCLINE>414</FUNCLINE>
    <ADDITIONALINFO>
      <targetSymbol>CvMoments::m30</targetSymbol>
    </ADDITIONALINFO>
    <PATH></PATH>
  </DEFECT><DEFECT>
    <SFA>
      <FILEPATH>C:\Users\technicien\Documents\Vision3D\Vision3DV3 - Copie\OpenCV_3.4.3\build\include\opencv2\imgproc\</FILEPATH>
      <FILENAME>types_c.h</FILENAME>
      <LINE>414</LINE>
      <COLUMN>4</COLUMN>
    </SFA>
    <DEFECTCODE>26495</DEFECTCODE>
    <DESCRIPTION>La variable 'CvMoments::m20' n'est pas initialisée. Initialisez toujours une variable membre (type.6).</DESCRIPTION>
    <FUNCTION>CvMoments::{ctor}</FUNCTION>
    <DECORATED>??0CvMoments@@QEAA@XZ</DECORATED>
    <FUNCLINE>414</FUNCLINE>
    <ADDITIONALINFO>
      <targetSymbol>CvMoments::m20</targetSymbol>
    </ADDITIONALINFO>
    <PATH></PATH>
  </DEFECT><DEFECT>
    <SFA>
      <FILEPATH>C:\Users\technicien\Documents\Vision3D\Vision3DV3 - Copie\OpenCV_3.4.3\build\include\opencv2\imgproc\</FILEPATH>
      <FILENAME>types_c.h</FILENAME>
      <LINE>414</LINE>
      <COLUMN>4</COLUMN>
    </SFA>
    <DEFECTCODE>26495</DEFECTCODE>
    <DESCRIPTION>La variable 'CvMoments::m12' n'est pas initialisée. Initialisez toujours une variable membre (type.6).</DESCRIPTION>
    <FUNCTION>CvMoments::{ctor}</FUNCTION>
    <DECORATED>??0CvMoments@@QEAA@XZ</DECORATED>
    <FUNCLINE>414</FUNCLINE>
    <ADDITIONALINFO>
      <targetSymbol>CvMoments::m12</targetSymbol>
    </ADDITIONALINFO>
    <PATH></PATH>
  </DEFECT><DEFECT>
    <SFA>
      <FILEPATH>C:\Users\technicien\Documents\Vision3D\Vision3DV3 - Copie\OpenCV_3.4.3\build\include\opencv2\imgproc\</FILEPATH>
      <FILENAME>types_c.h</FILENAME>
      <LINE>414</LINE>
      <COLUMN>4</COLUMN>
    </SFA>
    <DEFECTCODE>26495</DEFECTCODE>
    <DESCRIPTION>La variable 'CvMoments::mu11' n'est pas initialisée. Initialisez toujours une variable membre (type.6).</DESCRIPTION>
    <FUNCTION>CvMoments::{ctor}</FUNCTION>
    <DECORATED>??0CvMoments@@QEAA@XZ</DECORATED>
    <FUNCLINE>414</FUNCLINE>
    <ADDITIONALINFO>
      <targetSymbol>CvMoments::mu11</targetSymbol>
    </ADDITIONALINFO>
    <PATH></PATH>
  </DEFECT><DEFECT>
    <SFA>
      <FILEPATH>C:\Users\technicien\Documents\Vision3D\Vision3DV3 - Copie\OpenCV_3.4.3\build\include\opencv2\imgproc\</FILEPATH>
      <FILENAME>types_c.h</FILENAME>
      <LINE>414</LINE>
      <COLUMN>4</COLUMN>
    </SFA>
    <DEFECTCODE>26495</DEFECTCODE>
    <DESCRIPTION>La variable 'CvMoments::mu20' n'est pas initialisée. Initialisez toujours une variable membre (type.6).</DESCRIPTION>
    <FUNCTION>CvMoments::{ctor}</FUNCTION>
    <DECORATED>??0CvMoments@@QEAA@XZ</DECORATED>
    <FUNCLINE>414</FUNCLINE>
    <ADDITIONALINFO>
      <targetSymbol>CvMoments::mu20</targetSymbol>
    </ADDITIONALINFO>
    <PATH></PATH>
  </DEFECT><DEFECT>
    <SFA>
      <FILEPATH>C:\Users\technicien\Documents\Vision3D\Vision3DV3 - Copie\OpenCV_3.4.3\build\include\opencv2\imgproc\</FILEPATH>
      <FILENAME>types_c.h</FILENAME>
      <LINE>414</LINE>
      <COLUMN>4</COLUMN>
    </SFA>
    <DEFECTCODE>26495</DEFECTCODE>
    <DESCRIPTION>La variable 'CvMoments::m11' n'est pas initialisée. Initialisez toujours une variable membre (type.6).</DESCRIPTION>
    <FUNCTION>CvMoments::{ctor}</FUNCTION>
    <DECORATED>??0CvMoments@@QEAA@XZ</DECORATED>
    <FUNCLINE>414</FUNCLINE>
    <ADDITIONALINFO>
      <targetSymbol>CvMoments::m11</targetSymbol>
    </ADDITIONALINFO>
    <PATH></PATH>
  </DEFECT><DEFECT>
    <SFA>
      <FILEPATH>C:\Users\technicien\Documents\Vision3D\Vision3DV3 - Copie\OpenCV_3.4.3\build\include\opencv2\imgproc\</FILEPATH>
      <FILENAME>types_c.h</FILENAME>
      <LINE>414</LINE>
      <COLUMN>4</COLUMN>
    </SFA>
    <DEFECTCODE>26495</DEFECTCODE>
    <DESCRIPTION>La variable 'CvMoments::m21' n'est pas initialisée. Initialisez toujours une variable membre (type.6).</DESCRIPTION>
    <FUNCTION>CvMoments::{ctor}</FUNCTION>
    <DECORATED>??0CvMoments@@QEAA@XZ</DECORATED>
    <FUNCLINE>414</FUNCLINE>
    <ADDITIONALINFO>
      <targetSymbol>CvMoments::m21</targetSymbol>
    </ADDITIONALINFO>
    <PATH></PATH>
  </DEFECT><DEFECT>
    <SFA>
      <FILEPATH>C:\Users\technicien\Documents\Vision3D\Vision3DV3 - Copie\OpenCV_3.4.3\build\include\opencv2\imgproc\</FILEPATH>
      <FILENAME>types_c.h</FILENAME>
      <LINE>414</LINE>
      <COLUMN>4</COLUMN>
    </SFA>
    <DEFECTCODE>26495</DEFECTCODE>
    <DESCRIPTION>La variable 'CvMoments::m10' n'est pas initialisée. Initialisez toujours une variable membre (type.6).</DESCRIPTION>
    <FUNCTION>CvMoments::{ctor}</FUNCTION>
    <DECORATED>??0CvMoments@@QEAA@XZ</DECORATED>
    <FUNCLINE>414</FUNCLINE>
    <ADDITIONALINFO>
      <targetSymbol>CvMoments::m10</targetSymbol>
    </ADDITIONALINFO>
    <PATH></PATH>
  </DEFECT><DEFECT>
    <SFA>
      <FILEPATH>C:\Users\technicien\Documents\Vision3D\Vision3DV3 - Copie\OpenCV_3.4.3\build\include\opencv2\imgproc\</FILEPATH>
      <FILENAME>types_c.h</FILENAME>
      <LINE>414</LINE>
      <COLUMN>4</COLUMN>
    </SFA>
    <DEFECTCODE>26495</DEFECTCODE>
    <DESCRIPTION>La variable 'CvMoments::mu21' n'est pas initialisée. Initialisez toujours une variable membre (type.6).</DESCRIPTION>
    <FUNCTION>CvMoments::{ctor}</FUNCTION>
    <DECORATED>??0CvMoments@@QEAA@XZ</DECORATED>
    <FUNCLINE>414</FUNCLINE>
    <ADDITIONALINFO>
      <targetSymbol>CvMoments::mu21</targetSymbol>
    </ADDITIONALINFO>
    <PATH></PATH>
  </DEFECT><DEFECT>
    <SFA>
      <FILEPATH>C:\Users\technicien\Documents\Vision3D\Vision3DV3 - Copie\OpenCV_3.4.3\build\include\opencv2\imgproc\</FILEPATH>
      <FILENAME>types_c.h</FILENAME>
      <LINE>414</LINE>
      <COLUMN>4</COLUMN>
    </SFA>
    <DEFECTCODE>26495</DEFECTCODE>
    <DESCRIPTION>La variable 'CvMoments::m02' n'est pas initialisée. Initialisez toujours une variable membre (type.6).</DESCRIPTION>
    <FUNCTION>CvMoments::{ctor}</FUNCTION>
    <DECORATED>??0CvMoments@@QEAA@XZ</DECORATED>
    <FUNCLINE>414</FUNCLINE>
    <ADDITIONALINFO>
      <targetSymbol>CvMoments::m02</targetSymbol>
    </ADDITIONALINFO>
    <PATH></PATH>
  </DEFECT><DEFECT>
    <SFA>
      <FILEPATH>C:\Users\technicien\Documents\Vision3D\Vision3DV3 - Copie\OpenCV_3.4.3\build\include\opencv2\imgproc\</FILEPATH>
      <FILENAME>types_c.h</FILENAME>
      <LINE>414</LINE>
      <COLUMN>4</COLUMN>
    </SFA>
    <DEFECTCODE>26495</DEFECTCODE>
    <DESCRIPTION>La variable 'CvMoments::m00' n'est pas initialisée. Initialisez toujours une variable membre (type.6).</DESCRIPTION>
    <FUNCTION>CvMoments::{ctor}</FUNCTION>
    <DECORATED>??0CvMoments@@QEAA@XZ</DECORATED>
    <FUNCLINE>414</FUNCLINE>
    <ADDITIONALINFO>
      <targetSymbol>CvMoments::m00</targetSymbol>
    </ADDITIONALINFO>
    <PATH></PATH>
  </DEFECT><DEFECT>
    <SFA>
      <FILEPATH>C:\Users\technicien\Documents\Vision3D\Vision3DV3 - Copie\OpenCV_3.4.3\build\include\opencv2\imgproc\</FILEPATH>
      <FILENAME>imgproc_c.h</FILENAME>
      <LINE>1130</LINE>
      <COLUMN>0</COLUMN>
    </SFA>
    <DEFECTCODE>26495</DEFECTCODE>
    <DESCRIPTION>La variable 'CvFont::font_face' n'est pas initialisée. Initialisez toujours une variable membre (type.6).</DESCRIPTION>
    <FUNCTION>CvFont::{ctor}</FUNCTION>
    <DECORATED>??0CvFont@@QEAA@XZ</DECORATED>
    <FUNCLINE>1130</FUNCLINE>
    <ADDITIONALINFO>
      <targetSymbol>CvFont::font_face</targetSymbol>
    </ADDITIONALINFO>
    <PATH></PATH>
  </DEFECT><DEFECT>
    <SFA>
      <FILEPATH>C:\Users\technicien\Documents\Vision3D\Vision3DV3 - Copie\OpenCV_3.4.3\build\include\opencv2\imgproc\</FILEPATH>
      <FILENAME>imgproc_c.h</FILENAME>
      <LINE>1130</LINE>
      <COLUMN>0</COLUMN>
    </SFA>
    <DEFECTCODE>26495</DEFECTCODE>
    <DESCRIPTION>La variable 'CvFont::cyrillic' n'est pas initialisée. Initialisez toujours une variable membre (type.6).</DESCRIPTION>
    <FUNCTION>CvFont::{ctor}</FUNCTION>
    <DECORATED>??0CvFont@@QEAA@XZ</DECORATED>
    <FUNCLINE>1130</FUNCLINE>
    <ADDITIONALINFO>
      <targetSymbol>CvFont::cyrillic</targetSymbol>
    </ADDITIONALINFO>
    <PATH></PATH>
  </DEFECT><DEFECT>
    <SFA>
      <FILEPATH>C:\Users\technicien\Documents\Vision3D\Vision3DV3 - Copie\OpenCV_3.4.3\build\include\opencv2\imgproc\</FILEPATH>
      <FILENAME>imgproc_c.h</FILENAME>
      <LINE>1130</LINE>
      <COLUMN>0</COLUMN>
    </SFA>
    <DEFECTCODE>26495</DEFECTCODE>
    <DESCRIPTION>La variable 'CvFont::hscale' n'est pas initialisée. Initialisez toujours une variable membre (type.6).</DESCRIPTION>
    <FUNCTION>CvFont::{ctor}</FUNCTION>
    <DECORATED>??0CvFont@@QEAA@XZ</DECORATED>
    <FUNCLINE>1130</FUNCLINE>
    <ADDITIONALINFO>
      <targetSymbol>CvFont::hscale</targetSymbol>
    </ADDITIONALINFO>
    <PATH></PATH>
  </DEFECT><DEFECT>
    <SFA>
      <FILEPATH>C:\Users\technicien\Documents\Vision3D\Vision3DV3 - Copie\OpenCV_3.4.3\build\include\opencv2\imgproc\</FILEPATH>
      <FILENAME>imgproc_c.h</FILENAME>
      <LINE>1130</LINE>
      <COLUMN>0</COLUMN>
    </SFA>
    <DEFECTCODE>26495</DEFECTCODE>
    <DESCRIPTION>La variable 'CvFont::vscale' n'est pas initialisée. Initialisez toujours une variable membre (type.6).</DESCRIPTION>
    <FUNCTION>CvFont::{ctor}</FUNCTION>
    <DECORATED>??0CvFont@@QEAA@XZ</DECORATED>
    <FUNCLINE>1130</FUNCLINE>
    <ADDITIONALINFO>
      <targetSymbol>CvFont::vscale</targetSymbol>
    </ADDITIONALINFO>
    <PATH></PATH>
  </DEFECT><DEFECT>
    <SFA>
      <FILEPATH>C:\Users\technicien\Documents\Vision3D\Vision3DV3 - Copie\OpenCV_3.4.3\build\include\opencv2\imgproc\</FILEPATH>
      <FILENAME>imgproc_c.h</FILENAME>
      <LINE>1130</LINE>
      <COLUMN>0</COLUMN>
    </SFA>
    <DEFECTCODE>26495</DEFECTCODE>
    <DESCRIPTION>La variable 'CvFont::thickness' n'est pas initialisée. Initialisez toujours une variable membre (type.6).</DESCRIPTION>
    <FUNCTION>CvFont::{ctor}</FUNCTION>
    <DECORATED>??0CvFont@@QEAA@XZ</DECORATED>
    <FUNCLINE>1130</FUNCLINE>
    <ADDITIONALINFO>
      <targetSymbol>CvFont::thickness</targetSymbol>
    </ADDITIONALINFO>
    <PATH></PATH>
  </DEFECT><DEFECT>
    <SFA>
      <FILEPATH>C:\Users\technicien\Documents\Vision3D\Vision3DV3 - Copie\OpenCV_3.4.3\build\include\opencv2\imgproc\</FILEPATH>
      <FILENAME>imgproc_c.h</FILENAME>
      <LINE>1130</LINE>
      <COLUMN>0</COLUMN>
    </SFA>
    <DEFECTCODE>26495</DEFECTCODE>
    <DESCRIPTION>La variable 'CvFont::greek' n'est pas initialisée. Initialisez toujours une variable membre (type.6).</DESCRIPTION>
    <FUNCTION>CvFont::{ctor}</FUNCTION>
    <DECORATED>??0CvFont@@QEAA@XZ</DECORATED>
    <FUNCLINE>1130</FUNCLINE>
    <ADDITIONALINFO>
      <targetSymbol>CvFont::greek</targetSymbol>
    </ADDITIONALINFO>
    <PATH></PATH>
  </DEFECT><DEFECT>
    <SFA>
      <FILEPATH>C:\Users\technicien\Documents\Vision3D\Vision3DV3 - Copie\OpenCV_3.4.3\build\include\opencv2\imgproc\</FILEPATH>
      <FILENAME>imgproc_c.h</FILENAME>
      <LINE>1130</LINE>
      <COLUMN>0</COLUMN>
    </SFA>
    <DEFECTCODE>26495</DEFECTCODE>
    <DESCRIPTION>La variable 'CvFont::line_type' n'est pas initialisée. Initialisez toujours une variable membre (type.6).</DESCRIPTION>
    <FUNCTION>CvFont::{ctor}</FUNCTION>
    <DECORATED>??0CvFont@@QEAA@XZ</DECORATED>
    <FUNCLINE>1130</FUNCLINE>
    <ADDITIONALINFO>
      <targetSymbol>CvFont::line_type</targetSymbol>
    </ADDITIONALINFO>
    <PATH></PATH>
  </DEFECT><DEFECT>
    <SFA>
      <FILEPATH>C:\Users\technicien\Documents\Vision3D\Vision3DV3 - Copie\OpenCV_3.4.3\build\include\opencv2\imgproc\</FILEPATH>
      <FILENAME>imgproc_c.h</FILENAME>
      <LINE>1130</LINE>
      <COLUMN>0</COLUMN>
    </SFA>
    <DEFECTCODE>26495</DEFECTCODE>
    <DESCRIPTION>La variable 'CvFont::shear' n'est pas initialisée. Initialisez toujours une variable membre (type.6).</DESCRIPTION>
    <FUNCTION>CvFont::{ctor}</FUNCTION>
    <DECORATED>??0CvFont@@QEAA@XZ</DECORATED>
    <FUNCLINE>1130</FUNCLINE>
    <ADDITIONALINFO>
      <targetSymbol>CvFont::shear</targetSymbol>
    </ADDITIONALINFO>
    <PATH></PATH>
  </DEFECT><DEFECT>
    <SFA>
      <FILEPATH>C:\Users\technicien\Documents\Vision3D\Vision3DV3 - Copie\OpenCV_3.4.3\build\include\opencv2\imgproc\</FILEPATH>
      <FILENAME>imgproc_c.h</FILENAME>
      <LINE>1130</LINE>
      <COLUMN>0</COLUMN>
    </SFA>
    <DEFECTCODE>26495</DEFECTCODE>
    <DESCRIPTION>La variable 'CvFont::dx' n'est pas initialisée. Initialisez toujours une variable membre (type.6).</DESCRIPTION>
    <FUNCTION>CvFont::{ctor}</FUNCTION>
    <DECORATED>??0CvFont@@QEAA@XZ</DECORATED>
    <FUNCLINE>1130</FUNCLINE>
    <ADDITIONALINFO>
      <targetSymbol>CvFont::dx</targetSymbol>
    </ADDITIONALINFO>
    <PATH></PATH>
  </DEFECT><DEFECT>
    <SFA>
      <FILEPATH>C:\Users\technicien\Documents\Vision3D\Vision3DV3 - Copie\OpenCV_3.4.3\build\include\opencv2\imgproc\</FILEPATH>
      <FILENAME>imgproc_c.h</FILENAME>
      <LINE>1130</LINE>
      <COLUMN>0</COLUMN>
    </SFA>
    <DEFECTCODE>26495</DEFECTCODE>
    <DESCRIPTION>La variable 'CvFont::ascii' n'est pas initialisée. Initialisez toujours une variable membre (type.6).</DESCRIPTION>
    <FUNCTION>CvFont::{ctor}</FUNCTION>
    <DECORATED>??0CvFont@@QEAA@XZ</DECORATED>
    <FUNCLINE>1130</FUNCLINE>
    <ADDITIONALINFO>
      <targetSymbol>CvFont::ascii</targetSymbol>
    </ADDITIONALINFO>
    <PATH></PATH>
  </DEFECT><DEFECT>
    <SFA>
      <FILEPATH>C:\Users\technicien\Documents\Vision3D\Vision3DV3 - Copie\OpenCV_3.4.3\build\include\opencv2\imgproc\</FILEPATH>
      <FILENAME>imgproc_c.h</FILENAME>
      <LINE>1130</LINE>
      <COLUMN>0</COLUMN>
    </SFA>
    <DEFECTCODE>26495</DEFECTCODE>
    <DESCRIPTION>La variable 'CvFont::nameFont' n'est pas initialisée. Initialisez toujours une variable membre (type.6).</DESCRIPTION>
    <FUNCTION>CvFont::{ctor}</FUNCTION>
    <DECORATED>??0CvFont@@QEAA@XZ</DECORATED>
    <FUNCLINE>1130</FUNCLINE>
    <ADDITIONALINFO>
      <targetSymbol>CvFont::nameFont</targetSymbol>
    </ADDITIONALINFO>
    <PATH></PATH>
  </DEFECT><DEFECT>
    <SFA>
      <FILEPATH>C:\Users\technicien\Documents\Vision3D\Vision3DV3 - Copie\OpenCV_3.4.3\build\include\opencv2\core\</FILEPATH>
      <FILENAME>cuda.inl.hpp</FILENAME>
      <LINE>301</LINE>
      <COLUMN>11</COLUMN>
    </SFA>
    <DEFECTCODE>6297</DEFECTCODE>
    <DESCRIPTION>Débordement arithmétique. Les résultats peuvent ne pas être une valeur attendue.</DESCRIPTION>
    <FUNCTION>cv::cuda::GpuMat::elemSize</FUNCTION>
    <DECORATED>?elemSize@GpuMat@cuda@cv@@QEBA_KXZ</DECORATED>
    <FUNCLINE>299</FUNCLINE>
    <PATH></PATH>
  </DEFECT><DEFECT>
    <SFA>
      <FILEPATH>C:\Users\technicien\Documents\Vision3D\Vision3DV3 - Copie\OpenCV_3.4.3\build\include\opencv2\core\</FILEPATH>
      <FILENAME>cuda.inl.hpp</FILENAME>
      <LINE>482</LINE>
      <COLUMN>11</COLUMN>
    </SFA>
    <DEFECTCODE>6297</DEFECTCODE>
    <DESCRIPTION>Débordement arithmétique. Les résultats peuvent ne pas être une valeur attendue.</DESCRIPTION>
    <FUNCTION>cv::cuda::HostMem::elemSize</FUNCTION>
    <DECORATED>?elemSize@HostMem@cuda@cv@@QEBA_KXZ</DECORATED>
    <FUNCLINE>480</FUNCLINE>
    <PATH></PATH>
  </DEFECT><DEFECT>
    <SFA>
      <FILEPATH>C:\Users\technicien\Documents\Vision3D\Vision3DV3 - Copie\OpenCV_3.4.3\build\include\opencv2\stitching\detail\</FILEPATH>
      <FILENAME>warpers.hpp</FILENAME>
      <LINE>169</LINE>
      <COLUMN>0</COLUMN>
    </SFA>
    <DEFECTCODE>26495</DEFECTCODE>
    <DESCRIPTION>La variable 'cv::detail::RotationWarperBase&lt;cv::detail::CompressedRectilinearProjector&gt;::projector_' n'est pas initialisée. Initialisez toujours une variable membre (type.6).</DESCRIPTION>
    <FUNCTION>cv::detail::RotationWarperBase&lt;cv::detail::CompressedRectilinearProjector&gt;::{ctor}</FUNCTION>
    <DECORATED>??0?$RotationWarperBase@UCompressedRectilinearProjector@detail@cv@@@detail@cv@@QEAA@XZ</DECORATED>
    <FUNCLINE>169</FUNCLINE>
    <ADDITIONALINFO>
      <targetSymbol>cv::detail::RotationWarperBase&lt;cv::detail::CompressedRectilinearProjector&gt;::projector_</targetSymbol>
    </ADDITIONALINFO>
    <PATH></PATH>
  </DEFECT><DEFECT>
    <SFA>
      <FILEPATH>C:\Users\technicien\Documents\Vision3D\Vision3DV3 - Copie\OpenCV_3.4.3\build\include\opencv2\stitching\detail\</FILEPATH>
      <FILENAME>warpers.hpp</FILENAME>
      <LINE>169</LINE>
      <COLUMN>0</COLUMN>
    </SFA>
    <DEFECTCODE>26495</DEFECTCODE>
    <DESCRIPTION>La variable 'cv::detail::RotationWarperBase&lt;cv::detail::CompressedRectilinearPortraitProjector&gt;::projector_' n'est pas initialisée. Initialisez toujours une variable membre (type.6).</DESCRIPTION>
    <FUNCTION>cv::detail::RotationWarperBase&lt;cv::detail::CompressedRectilinearPortraitProjector&gt;::{ctor}</FUNCTION>
    <DECORATED>??0?$RotationWarperBase@UCompressedRectilinearPortraitProjector@detail@cv@@@detail@cv@@QEAA@XZ</DECORATED>
    <FUNCLINE>169</FUNCLINE>
    <ADDITIONALINFO>
      <targetSymbol>cv::detail::RotationWarperBase&lt;cv::detail::CompressedRectilinearPortraitProjector&gt;::projector_</targetSymbol>
    </ADDITIONALINFO>
    <PATH></PATH>
  </DEFECT><DEFECT>
    <SFA>
      <FILEPATH>C:\Users\technicien\Documents\Vision3D\Vision3DV3 - Copie\OpenCV_3.4.3\build\include\opencv2\stitching\detail\</FILEPATH>
      <FILENAME>warpers.hpp</FILENAME>
      <LINE>169</LINE>
      <COLUMN>0</COLUMN>
    </SFA>
    <DEFECTCODE>26495</DEFECTCODE>
    <DESCRIPTION>La variable 'cv::detail::RotationWarperBase&lt;cv::detail::PaniniProjector&gt;::projector_' n'est pas initialisée. Initialisez toujours une variable membre (type.6).</DESCRIPTION>
    <FUNCTION>cv::detail::RotationWarperBase&lt;cv::detail::PaniniProjector&gt;::{ctor}</FUNCTION>
    <DECORATED>??0?$RotationWarperBase@UPaniniProjector@detail@cv@@@detail@cv@@QEAA@XZ</DECORATED>
    <FUNCLINE>169</FUNCLINE>
    <ADDITIONALINFO>
      <targetSymbol>cv::detail::RotationWarperBase&lt;cv::detail::PaniniProjector&gt;::projector_</targetSymbol>
    </ADDITIONALINFO>
    <PATH></PATH>
  </DEFECT><DEFECT>
    <SFA>
      <FILEPATH>C:\Users\technicien\Documents\Vision3D\Vision3DV3 - Copie\OpenCV_3.4.3\build\include\opencv2\stitching\detail\</FILEPATH>
      <FILENAME>warpers.hpp</FILENAME>
      <LINE>169</LINE>
      <COLUMN>0</COLUMN>
    </SFA>
    <DEFECTCODE>26495</DEFECTCODE>
    <DESCRIPTION>La variable 'cv::detail::RotationWarperBase&lt;cv::detail::PaniniPortraitProjector&gt;::projector_' n'est pas initialisée. Initialisez toujours une variable membre (type.6).</DESCRIPTION>
    <FUNCTION>cv::detail::RotationWarperBase&lt;cv::detail::PaniniPortraitProjector&gt;::{ctor}</FUNCTION>
    <DECORATED>??0?$RotationWarperBase@UPaniniPortraitProjector@detail@cv@@@detail@cv@@QEAA@XZ</DECORATED>
    <FUNCLINE>169</FUNCLINE>
    <ADDITIONALINFO>
      <targetSymbol>cv::detail::RotationWarperBase&lt;cv::detail::PaniniPortraitProjector&gt;::projector_</targetSymbol>
    </ADDITIONALINFO>
    <PATH></PATH>
  </DEFECT><DEFECT>
    <SFA>
      <FILEPATH>C:\Users\technicien\Documents\Vision3D\Vision3DV3 - Copie\QT_5.11.1\msvc2017_64\include\QtGui\</FILEPATH>
      <FILENAME>qmatrix.h</FILENAME>
      <LINE>60</LINE>
      <COLUMN>4</COLUMN>
    </SFA>
    <DEFECTCODE>26495</DEFECTCODE>
    <DESCRIPTION>La variable 'QMatrix::_dy' n'est pas initialisée. Initialisez toujours une variable membre (type.6).</DESCRIPTION>
    <FUNCTION>QMatrix::{ctor}</FUNCTION>
    <DECORATED>??0QMatrix@@QEAA@W4Initialization@Qt@@@Z</DECORATED>
    <FUNCLINE>60</FUNCLINE>
    <ADDITIONALINFO>
      <targetSymbol>QMatrix::_dy</targetSymbol>
    </ADDITIONALINFO>
    <PATH></PATH>
  </DEFECT><DEFECT>
    <SFA>
      <FILEPATH>C:\Users\technicien\Documents\Vision3D\Vision3DV3 - Copie\QT_5.11.1\msvc2017_64\include\QtGui\</FILEPATH>
      <FILENAME>qmatrix.h</FILENAME>
      <LINE>60</LINE>
      <COLUMN>4</COLUMN>
    </SFA>
    <DEFECTCODE>26495</DEFECTCODE>
    <DESCRIPTION>La variable 'QMatrix::_m21' n'est pas initialisée. Initialisez toujours une variable membre (type.6).</DESCRIPTION>
    <FUNCTION>QMatrix::{ctor}</FUNCTION>
    <DECORATED>??0QMatrix@@QEAA@W4Initialization@Qt@@@Z</DECORATED>
    <FUNCLINE>60</FUNCLINE>
    <ADDITIONALINFO>
      <targetSymbol>QMatrix::_m21</targetSymbol>
    </ADDITIONALINFO>
    <PATH></PATH>
  </DEFECT><DEFECT>
    <SFA>
      <FILEPATH>C:\Users\technicien\Documents\Vision3D\Vision3DV3 - Copie\QT_5.11.1\msvc2017_64\include\QtGui\</FILEPATH>
      <FILENAME>qmatrix.h</FILENAME>
      <LINE>60</LINE>
      <COLUMN>4</COLUMN>
    </SFA>
    <DEFECTCODE>26495</DEFECTCODE>
    <DESCRIPTION>La variable 'QMatrix::_m22' n'est pas initialisée. Initialisez toujours une variable membre (type.6).</DESCRIPTION>
    <FUNCTION>QMatrix::{ctor}</FUNCTION>
    <DECORATED>??0QMatrix@@QEAA@W4Initialization@Qt@@@Z</DECORATED>
    <FUNCLINE>60</FUNCLINE>
    <ADDITIONALINFO>
      <targetSymbol>QMatrix::_m22</targetSymbol>
    </ADDITIONALINFO>
    <PATH></PATH>
  </DEFECT><DEFECT>
    <SFA>
      <FILEPATH>C:\Users\technicien\Documents\Vision3D\Vision3DV3 - Copie\QT_5.11.1\msvc2017_64\include\QtGui\</FILEPATH>
      <FILENAME>qmatrix.h</FILENAME>
      <LINE>60</LINE>
      <COLUMN>4</COLUMN>
    </SFA>
    <DEFECTCODE>26495</DEFECTCODE>
    <DESCRIPTION>La variable 'QMatrix::_m11' n'est pas initialisée. Initialisez toujours une variable membre (type.6).</DESCRIPTION>
    <FUNCTION>QMatrix::{ctor}</FUNCTION>
    <DECORATED>??0QMatrix@@QEAA@W4Initialization@Qt@@@Z</DECORATED>
    <FUNCLINE>60</FUNCLINE>
    <ADDITIONALINFO>
      <targetSymbol>QMatrix::_m11</targetSymbol>
    </ADDITIONALINFO>
    <PATH></PATH>
  </DEFECT><DEFECT>
    <SFA>
      <FILEPATH>C:\Users\technicien\Documents\Vision3D\Vision3DV3 - Copie\QT_5.11.1\msvc2017_64\include\QtGui\</FILEPATH>
      <FILENAME>qmatrix.h</FILENAME>
      <LINE>60</LINE>
      <COLUMN>4</COLUMN>
    </SFA>
    <DEFECTCODE>26495</DEFECTCODE>
    <DESCRIPTION>La variable 'QMatrix::_m12' n'est pas initialisée. Initialisez toujours une variable membre (type.6).</DESCRIPTION>
    <FUNCTION>QMatrix::{ctor}</FUNCTION>
    <DECORATED>??0QMatrix@@QEAA@W4Initialization@Qt@@@Z</DECORATED>
    <FUNCLINE>60</FUNCLINE>
    <ADDITIONALINFO>
      <targetSymbol>QMatrix::_m12</targetSymbol>
    </ADDITIONALINFO>
    <PATH></PATH>
  </DEFECT><DEFECT>
    <SFA>
      <FILEPATH>C:\Users\technicien\Documents\Vision3D\Vision3DV3 - Copie\QT_5.11.1\msvc2017_64\include\QtGui\</FILEPATH>
      <FILENAME>qmatrix.h</FILENAME>
      <LINE>60</LINE>
      <COLUMN>4</COLUMN>
    </SFA>
    <DEFECTCODE>26495</DEFECTCODE>
    <DESCRIPTION>La variable 'QMatrix::_dx' n'est pas initialisée. Initialisez toujours une variable membre (type.6).</DESCRIPTION>
    <FUNCTION>QMatrix::{ctor}</FUNCTION>
    <DECORATED>??0QMatrix@@QEAA@W4Initialization@Qt@@@Z</DECORATED>
    <FUNCLINE>60</FUNCLINE>
    <ADDITIONALINFO>
      <targetSymbol>QMatrix::_dx</targetSymbol>
    </ADDITIONALINFO>
    <PATH></PATH>
  </DEFECT><DEFECT>
    <SFA>
      <FILEPATH>C:\Users\technicien\Documents\Vision3D\Vision3DV3 - Copie\QT_5.11.1\msvc2017_64\include\QtGui\</FILEPATH>
      <FILENAME>qtransform.h</FILENAME>
      <LINE>69</LINE>
      <COLUMN>4</COLUMN>
    </SFA>
    <DEFECTCODE>26495</DEFECTCODE>
    <DESCRIPTION>La variable 'QTransform::m_dirty' n'est pas initialisée. Initialisez toujours une variable membre (type.6).</DESCRIPTION>
    <FUNCTION>QTransform::{ctor}</FUNCTION>
    <DECORATED>??0QTransform@@QEAA@W4Initialization@Qt@@@Z</DECORATED>
    <FUNCLINE>69</FUNCLINE>
    <ADDITIONALINFO>
      <targetSymbol>QTransform::m_dirty</targetSymbol>
    </ADDITIONALINFO>
    <PATH></PATH>
  </DEFECT><DEFECT>
    <SFA>
      <FILEPATH>C:\Users\technicien\Documents\Vision3D\Vision3DV3 - Copie\QT_5.11.1\msvc2017_64\include\QtGui\</FILEPATH>
      <FILENAME>qtransform.h</FILENAME>
      <LINE>69</LINE>
      <COLUMN>4</COLUMN>
    </SFA>
    <DEFECTCODE>26495</DEFECTCODE>
    <DESCRIPTION>La variable 'QTransform::m_33' n'est pas initialisée. Initialisez toujours une variable membre (type.6).</DESCRIPTION>
    <FUNCTION>QTransform::{ctor}</FUNCTION>
    <DECORATED>??0QTransform@@QEAA@W4Initialization@Qt@@@Z</DECORATED>
    <FUNCLINE>69</FUNCLINE>
    <ADDITIONALINFO>
      <targetSymbol>QTransform::m_33</targetSymbol>
    </ADDITIONALINFO>
    <PATH></PATH>
  </DEFECT><DEFECT>
    <SFA>
      <FILEPATH>C:\Users\technicien\Documents\Vision3D\Vision3DV3 - Copie\QT_5.11.1\msvc2017_64\include\QtGui\</FILEPATH>
      <FILENAME>qtransform.h</FILENAME>
      <LINE>69</LINE>
      <COLUMN>4</COLUMN>
    </SFA>
    <DEFECTCODE>26495</DEFECTCODE>
    <DESCRIPTION>La variable 'QTransform::m_13' n'est pas initialisée. Initialisez toujours une variable membre (type.6).</DESCRIPTION>
    <FUNCTION>QTransform::{ctor}</FUNCTION>
    <DECORATED>??0QTransform@@QEAA@W4Initialization@Qt@@@Z</DECORATED>
    <FUNCLINE>69</FUNCLINE>
    <ADDITIONALINFO>
      <targetSymbol>QTransform::m_13</targetSymbol>
    </ADDITIONALINFO>
    <PATH></PATH>
  </DEFECT><DEFECT>
    <SFA>
      <FILEPATH>C:\Users\technicien\Documents\Vision3D\Vision3DV3 - Copie\QT_5.11.1\msvc2017_64\include\QtGui\</FILEPATH>
      <FILENAME>qtransform.h</FILENAME>
      <LINE>69</LINE>
      <COLUMN>4</COLUMN>
    </SFA>
    <DEFECTCODE>26495</DEFECTCODE>
    <DESCRIPTION>La variable 'QTransform::m_23' n'est pas initialisée. Initialisez toujours une variable membre (type.6).</DESCRIPTION>
    <FUNCTION>QTransform::{ctor}</FUNCTION>
    <DECORATED>??0QTransform@@QEAA@W4Initialization@Qt@@@Z</DECORATED>
    <FUNCLINE>69</FUNCLINE>
    <ADDITIONALINFO>
      <targetSymbol>QTransform::m_23</targetSymbol>
    </ADDITIONALINFO>
    <PATH></PATH>
  </DEFECT><DEFECT>
    <SFA>
      <FILEPATH>C:\Users\technicien\Documents\Vision3D\Vision3DV3 - Copie\QT_5.11.1\msvc2017_64\include\QtGui\</FILEPATH>
      <FILENAME>qtransform.h</FILENAME>
      <LINE>69</LINE>
      <COLUMN>4</COLUMN>
    </SFA>
    <DEFECTCODE>26495</DEFECTCODE>
    <DESCRIPTION>La variable 'QTransform::m_type' n'est pas initialisée. Initialisez toujours une variable membre (type.6).</DESCRIPTION>
    <FUNCTION>QTransform::{ctor}</FUNCTION>
    <DECORATED>??0QTransform@@QEAA@W4Initialization@Qt@@@Z</DECORATED>
    <FUNCLINE>69</FUNCLINE>
    <ADDITIONALINFO>
      <targetSymbol>QTransform::m_type</targetSymbol>
    </ADDITIONALINFO>
    <PATH></PATH>
  </DEFECT><DEFECT>
    <SFA>
      <FILEPATH>C:\Users\technicien\Documents\Vision3D\Vision3DV3 - Copie\QT_5.11.1\msvc2017_64\include\QtGui\</FILEPATH>
      <FILENAME>qtransform.h</FILENAME>
      <LINE>69</LINE>
      <COLUMN>4</COLUMN>
    </SFA>
    <DEFECTCODE>26495</DEFECTCODE>
    <DESCRIPTION>La variable 'QTransform::d' n'est pas initialisée. Initialisez toujours une variable membre (type.6).</DESCRIPTION>
    <FUNCTION>QTransform::{ctor}</FUNCTION>
    <DECORATED>??0QTransform@@QEAA@W4Initialization@Qt@@@Z</DECORATED>
    <FUNCLINE>69</FUNCLINE>
    <ADDITIONALINFO>
      <targetSymbol>QTransform::d</targetSymbol>
    </ADDITIONALINFO>
    <PATH></PATH>
  </DEFECT><DEFECT>
    <SFA>
      <FILEPATH>C:\Users\technicien\Documents\Vision3D\Vision3DV3 - Copie\QT_5.11.1\msvc2017_64\include\QtCore\</FILEPATH>
      <FILENAME>qsharedpointer_impl.h</FILENAME>
      <LINE>154</LINE>
      <COLUMN>8</COLUMN>
    </SFA>
    <DEFECTCODE>26495</DEFECTCODE>
    <DESCRIPTION>La variable 'QtSharedPointer::ExternalRefCountData::destroyer' n'est pas initialisée. Initialisez toujours une variable membre (type.6).</DESCRIPTION>
    <FUNCTION>QtSharedPointer::ExternalRefCountData::{ctor}</FUNCTION>
    <DECORATED>??0ExternalRefCountData@QtSharedPointer@@QEAA@W4Initialization@Qt@@@Z</DECORATED>
    <FUNCLINE>154</FUNCLINE>
    <ADDITIONALINFO>
      <targetSymbol>QtSharedPointer::ExternalRefCountData::destroyer</targetSymbol>
    </ADDITIONALINFO>
    <PATH></PATH>
  </DEFECT><DEFECT>
    <SFA>
      <FILEPATH>C:\Users\technicien\Documents\Vision3D\Vision3DV3 - Copie\QT_5.11.1\msvc2017_64\include\QtGui\</FILEPATH>
      <FILENAME>qfontmetrics.h</FILENAME>
      <LINE>149</LINE>
      <COLUMN>26</COLUMN>
    </SFA>
    <DEFECTCODE>26439</DEFECTCODE>
    <DESCRIPTION>Ce genre de fonction ne devrait pas « throw ». Déclarez-le 'noexcept' (f.6).</DESCRIPTION>
    <FUNCTION>QFontMetricsF::=</FUNCTION>
    <DECORATED>??4QFontMetricsF@@QEAAAEAV0@$$QEAV0@@Z</DECORATED>
    <FUNCLINE>149</FUNCLINE>
    <PATH></PATH>
  </DEFECT><DEFECT>
    <SFA>
      <FILEPATH>C:\Users\technicien\Documents\Vision3D\Vision3DV3 - Copie\QT_5.11.1\msvc2017_64\include\QtWidgets\</FILEPATH>
      <FILENAME>qsizepolicy.h</FILENAME>
      <LINE>118</LINE>
      <COLUMN>20</COLUMN>
    </SFA>
    <DEFECTCODE>26813</DEFECTCODE>
    <DESCRIPTION>Utilisez 'bitwise and' pour vérifier si un indicateur est défini.</DESCRIPTION>
    <FUNCTION>QSizePolicy::{ctor}</FUNCTION>
    <DECORATED>??0QSizePolicy@@QEAA@W4Policy@0@0W4ControlType@0@@Z</DECORATED>
    <FUNCLINE>116</FUNCLINE>
    <PATH></PATH>
  </DEFECT><DEFECT>
    <SFA>
      <FILEPATH>C:\Users\technicien\Documents\Vision3D\Vision3DV3 - Copie\QT_5.11.1\msvc2017_64\include\QtCore\</FILEPATH>
      <FILENAME>qvariant.h</FILENAME>
      <LINE>395</LINE>
      <COLUMN>8</COLUMN>
    </SFA>
    <DEFECTCODE>26495</DEFECTCODE>
    <DESCRIPTION>La variable 'QVariant::Private::data' n'est pas initialisée. Initialisez toujours une variable membre (type.6).</DESCRIPTION>
    <FUNCTION>QVariant::Private::{ctor}</FUNCTION>
    <DECORATED>??0Private@QVariant@@QEAA@I@Z</DECORATED>
    <FUNCLINE>395</FUNCLINE>
    <ADDITIONALINFO>
      <targetSymbol>QVariant::Private::data</targetSymbol>
    </ADDITIONALINFO>
    <PATH></PATH>
  </DEFECT><DEFECT>
    <SFA>
      <FILEPATH>C:\Users\technicien\Documents\Vision3D\Vision3DV3 - Copie\OpenCV_3.4.3\build\include\opencv2\core\</FILEPATH>
      <FILENAME>mat.inl.hpp</FILENAME>
      <LINE>1103</LINE>
      <COLUMN>4</COLUMN>
    </SFA>
    <DEFECTCODE>6011</DEFECTCODE>
    <DESCRIPTION>Déréférencement du pointeur NULL 'data+step.p[0]*i0'. </DESCRIPTION>
    <FUNCTION>cv::Mat::at</FUNCTION>
    <DECORATED>??$at@M@Mat@cv@@QEAAAEAMHH@Z</DECORATED>
    <FUNCLINE>1095</FUNCLINE>
    <PROBABILITY>1</PROBABILITY>
    <RANK>4</RANK>
    <CATEGORY>
      <RULECATEGORY>mspft</RULECATEGORY>
    </CATEGORY>
    <PATH>
      <SFA>
        <FILEPATH>C:\Users\technicien\Documents\Vision3D\Vision3DV3 - Copie\OpenCV_3.4.3\build\include\opencv2\core\</FILEPATH>
        <FILENAME>mat.inl.hpp</FILENAME>
        <LINE>1098</LINE>
        <COLUMN>4</COLUMN>
      </SFA>
      <SFA>
        <FILEPATH>C:\Users\technicien\Documents\Vision3D\Vision3DV3 - Copie\OpenCV_3.4.3\build\include\opencv2\core\</FILEPATH>
        <FILENAME>mat.inl.hpp</FILENAME>
        <LINE>1099</LINE>
        <COLUMN>4</COLUMN>
        <KEYEVENT>
          <ID>1</ID>
          <KIND>branch</KIND>
          <IMPORTANCE>Full</IMPORTANCE>
          <MESSAGE>'data+step.p[0]*i0' peut avoir la valeur NULL (Ignorer cette branche)</MESSAGE>
        </KEYEVENT>
      </SFA>
      <SFA>
        <FILEPATH>C:\Users\technicien\Documents\Vision3D\Vision3DV3 - Copie\OpenCV_3.4.3\build\include\opencv2\core\</FILEPATH>
        <FILENAME>mat.inl.hpp</FILENAME>
        <LINE>1100</LINE>
        <COLUMN>4</COLUMN>
        <KEYEVENT>
          <ID>2</ID>
          <KIND>branch</KIND>
          <IMPORTANCE>Full</IMPORTANCE>
          <MESSAGE>Ignorer cette branche, (supposer que '&lt;condition de branche&gt;' a la valeur false)</MESSAGE>
        </KEYEVENT>
      </SFA>
      <SFA>
        <FILEPATH>C:\Users\technicien\Documents\Vision3D\Vision3DV3 - Copie\OpenCV_3.4.3\build\include\opencv2\core\</FILEPATH>
        <FILENAME>mat.inl.hpp</FILENAME>
        <LINE>1101</LINE>
        <COLUMN>4</COLUMN>
        <KEYEVENT>
          <ID>3</ID>
          <KIND>branch</KIND>
          <IMPORTANCE>Full</IMPORTANCE>
          <MESSAGE>Ignorer cette branche, (supposer que '&lt;condition de branche&gt;' a la valeur false)</MESSAGE>
        </KEYEVENT>
      </SFA>
      <SFA>
        <FILEPATH>C:\Users\technicien\Documents\Vision3D\Vision3DV3 - Copie\OpenCV_3.4.3\build\include\opencv2\core\</FILEPATH>
        <FILENAME>mat.inl.hpp</FILENAME>
        <LINE>1102</LINE>
        <COLUMN>4</COLUMN>
        <KEYEVENT>
          <ID>4</ID>
          <KIND>branch</KIND>
          <IMPORTANCE>Full</IMPORTANCE>
          <MESSAGE>Ignorer cette branche, (supposer que '&lt;condition de branche&gt;' a la valeur false)</MESSAGE>
        </KEYEVENT>
      </SFA>
      <SFA>
        <FILEPATH>C:\Users\technicien\Documents\Vision3D\Vision3DV3 - Copie\OpenCV_3.4.3\build\include\opencv2\core\</FILEPATH>
        <FILENAME>mat.inl.hpp</FILENAME>
        <LINE>1103</LINE>
        <COLUMN>4</COLUMN>
        <KEYEVENT>
          <ID>5</ID>
          <KIND>usage</KIND>
          <IMPORTANCE>Essential</IMPORTANCE>
          <MESSAGE>'data+step.p[0]*i0' est déréférencé, mais peut encore avoir la valeur NULL</MESSAGE>
        </KEYEVENT>
      </SFA>
    </PATH>
  </DEFECT><DEFECT>
    <SFA>
      <FILEPATH>C:\Users\technicien\Documents\Vision3D\Vision3DV3 - Copie\OpenCV_3.4.3\build\include\opencv2\core\</FILEPATH>
      <FILENAME>matx.hpp</FILENAME>
      <LINE>563</LINE>
      <COLUMN>4</COLUMN>
    </SFA>
    <DEFECTCODE>6294</DEFECTCODE>
    <DESCRIPTION>Boucle for mal définie. Corps de boucle non exécuté.</DESCRIPTION>
    <FUNCTION>cv::Matx&lt;float,3,1&gt;::{ctor}</FUNCTION>
    <DECORATED>??0?$Matx@M$02$00@cv@@QEAA@MMM@Z</DECORATED>
    <FUNCLINE>559</FUNCLINE>
    <PATH></PATH>
  </DEFECT><DEFECT>
    <SFA>
      <FILEPATH>C:\Users\technicien\Documents\Vision3D\Vision3DV3 - Copie\OpenCV_3.4.3\build\include\opencv2\core\</FILEPATH>
      <FILENAME>matx.hpp</FILENAME>
      <LINE>563</LINE>
      <COLUMN>43</COLUMN>
    </SFA>
    <DEFECTCODE>6201</DEFECTCODE>
    <DESCRIPTION>L'index '3' est en dehors de la plage d'index valide '0' à '2' pour la mémoire tampon 'this-&gt;val' allouée sans doute par la pile.</DESCRIPTION>
    <FUNCTION>cv::Matx&lt;float,3,1&gt;::{ctor}</FUNCTION>
    <DECORATED>??0?$Matx@M$02$00@cv@@QEAA@MMM@Z</DECORATED>
    <FUNCLINE>559</FUNCLINE>
    <PATH></PATH>
  </DEFECT><DEFECT>
    <SFA>
      <FILEPATH>C:\Users\technicien\Documents\Vision3D\Vision3DV3 - Copie\OpenCV_3.4.3\build\include\opencv2\core\</FILEPATH>
      <FILENAME>matx.hpp</FILENAME>
      <LINE>1120</LINE>
      <COLUMN>4</COLUMN>
    </SFA>
    <DEFECTCODE>6385</DEFECTCODE>
    <DESCRIPTION>Lecture de données non valides depuis 'this-&gt;val' : la taille lisible est '8' octets, mais 'i' octets sont peut-être lus.</DESCRIPTION>
    <FUNCTION>cv::Vec&lt;float,2&gt;::[]</FUNCTION>
    <DECORATED>??A?$Vec@M$01@cv@@QEBAAEBMH@Z</DECORATED>
    <FUNCLINE>1117</FUNCLINE>
    <PROBABILITY>1</PROBABILITY>
    <RANK>4</RANK>
    <CATEGORY>
      <RULECATEGORY>mspft</RULECATEGORY>
    </CATEGORY>
    <PATH>
      <SFA>
        <FILEPATH>C:\Users\technicien\Documents\Vision3D\Vision3DV3 - Copie\OpenCV_3.4.3\build\include\opencv2\core\</FILEPATH>
        <FILENAME>matx.hpp</FILENAME>
        <LINE>1119</LINE>
        <COLUMN>4</COLUMN>
        <KEYEVENT>
          <ID>1</ID>
          <KIND>branch</KIND>
          <IMPORTANCE>Full</IMPORTANCE>
          <MESSAGE>Ignorer cette branche, (supposer que '&lt;condition de branche&gt;' a la valeur false)</MESSAGE>
        </KEYEVENT>
      </SFA>
      <SFA>
        <FILEPATH>C:\Users\technicien\Documents\Vision3D\Vision3DV3 - Copie\OpenCV_3.4.3\build\include\opencv2\core\</FILEPATH>
        <FILENAME>matx.hpp</FILENAME>
        <LINE>1120</LINE>
        <COLUMN>4</COLUMN>
        <KEYEVENT>
          <ID>2</ID>
          <KIND>usage</KIND>
          <IMPORTANCE>Essential</IMPORTANCE>
          <MESSAGE>Lecture incorrecte depuis 'this-&gt;val[2]', (plage de lecture entre 0 et 1)</MESSAGE>
        </KEYEVENT>
      </SFA>
    </PATH>
  </DEFECT><DEFECT>
    <SFA>
      <FILEPATH>C:\Users\technicien\Documents\Vision3D\Vision3DV3 - Copie\OpenCV_3.4.3\build\include\opencv2\core\</FILEPATH>
      <FILENAME>matx.hpp</FILENAME>
      <LINE>1120</LINE>
      <COLUMN>4</COLUMN>
    </SFA>
    <DEFECTCODE>6385</DEFECTCODE>
    <DESCRIPTION>Lecture de données non valides depuis 'this-&gt;val' : la taille lisible est '16' octets, mais 'i' octets sont peut-être lus.</DESCRIPTION>
    <FUNCTION>cv::Vec&lt;float,4&gt;::[]</FUNCTION>
    <DECORATED>??A?$Vec@M$03@cv@@QEBAAEBMH@Z</DECORATED>
    <FUNCLINE>1117</FUNCLINE>
    <PROBABILITY>1</PROBABILITY>
    <RANK>4</RANK>
    <CATEGORY>
      <RULECATEGORY>mspft</RULECATEGORY>
    </CATEGORY>
    <PATH>
      <SFA>
        <FILEPATH>C:\Users\technicien\Documents\Vision3D\Vision3DV3 - Copie\OpenCV_3.4.3\build\include\opencv2\core\</FILEPATH>
        <FILENAME>matx.hpp</FILENAME>
        <LINE>1119</LINE>
        <COLUMN>4</COLUMN>
        <KEYEVENT>
          <ID>1</ID>
          <KIND>branch</KIND>
          <IMPORTANCE>Full</IMPORTANCE>
          <MESSAGE>Ignorer cette branche, (supposer que '&lt;condition de branche&gt;' a la valeur false)</MESSAGE>
        </KEYEVENT>
      </SFA>
      <SFA>
        <FILEPATH>C:\Users\technicien\Documents\Vision3D\Vision3DV3 - Copie\OpenCV_3.4.3\build\include\opencv2\core\</FILEPATH>
        <FILENAME>matx.hpp</FILENAME>
        <LINE>1120</LINE>
        <COLUMN>4</COLUMN>
        <KEYEVENT>
          <ID>2</ID>
          <KIND>usage</KIND>
          <IMPORTANCE>Essential</IMPORTANCE>
          <MESSAGE>Lecture incorrecte depuis 'this-&gt;val[4]', (plage de lecture entre 0 et 3)</MESSAGE>
        </KEYEVENT>
      </SFA>
    </PATH>
  </DEFECT><DEFECT>
    <SFA>
      <FILEPATH>C:\Users\technicien\Documents\Vision3D\Vision3DV3 - Copie\OpenCV_3.4.3\build\include\opencv2\core\</FILEPATH>
      <FILENAME>matx.hpp</FILENAME>
      <LINE>1120</LINE>
      <COLUMN>4</COLUMN>
    </SFA>
    <DEFECTCODE>6385</DEFECTCODE>
    <DESCRIPTION>Lecture de données non valides depuis 'this-&gt;val' : la taille lisible est '32' octets, mais 'i' octets sont peut-être lus.</DESCRIPTION>
    <FUNCTION>cv::Vec&lt;double,4&gt;::[]</FUNCTION>
    <DECORATED>??A?$Vec@N$03@cv@@QEBAAEBNH@Z</DECORATED>
    <FUNCLINE>1117</FUNCLINE>
    <PROBABILITY>1</PROBABILITY>
    <RANK>4</RANK>
    <CATEGORY>
      <RULECATEGORY>mspft</RULECATEGORY>
    </CATEGORY>
    <PATH>
      <SFA>
        <FILEPATH>C:\Users\technicien\Documents\Vision3D\Vision3DV3 - Copie\OpenCV_3.4.3\build\include\opencv2\core\</FILEPATH>
        <FILENAME>matx.hpp</FILENAME>
        <LINE>1119</LINE>
        <COLUMN>4</COLUMN>
        <KEYEVENT>
          <ID>1</ID>
          <KIND>branch</KIND>
          <IMPORTANCE>Full</IMPORTANCE>
          <MESSAGE>Ignorer cette branche, (supposer que '&lt;condition de branche&gt;' a la valeur false)</MESSAGE>
        </KEYEVENT>
      </SFA>
      <SFA>
        <FILEPATH>C:\Users\technicien\Documents\Vision3D\Vision3DV3 - Copie\OpenCV_3.4.3\build\include\opencv2\core\</FILEPATH>
        <FILENAME>matx.hpp</FILENAME>
        <LINE>1120</LINE>
        <COLUMN>4</COLUMN>
        <KEYEVENT>
          <ID>2</ID>
          <KIND>usage</KIND>
          <IMPORTANCE>Essential</IMPORTANCE>
          <MESSAGE>Lecture incorrecte depuis 'this-&gt;val[4]', (plage de lecture entre 0 et 3)</MESSAGE>
        </KEYEVENT>
      </SFA>
    </PATH>
  </DEFECT><DEFECT>
    <SFA>
      <FILEPATH>C:\Users\technicien\Documents\Vision3D\Vision3DV3 - Copie\QT_5.11.1\msvc2017_64\include\QtCore\</FILEPATH>
      <FILENAME>qvariant.h</FILENAME>
      <LINE>719</LINE>
      <COLUMN>22</COLUMN>
    </SFA>
    <DEFECTCODE>26498</DEFECTCODE>
    <DESCRIPTION>La fonction 'qMetaTypeId&lt;QPair&lt;QVariant,QVariant&gt; &gt;' est constexpr, marquez la variable 'vid' en tant que constexpr si l'évaluation au moment de la compilation est souhaitée (con.5).</DESCRIPTION>
    <FUNCTION>QtPrivate::QVariantValueHelper&lt;QPair&lt;QVariant,QVariant&gt; &gt;::metaType</FUNCTION>
    <DECORATED>?metaType@?$QVariantValueHelper@U?$QPair@VQVariant@@V1@@@@QtPrivate@@SA?AU?$QPair@VQVariant@@V1@@@AEBVQVariant@@@Z</DECORATED>
    <FUNCLINE>717</FUNCLINE>
    <PATH></PATH>
  </DEFECT><DEFECT>
    <SFA>
      <FILEPATH>C:\Users\technicien\Documents\Vision3D\Vision3DV3 - Copie\QT_5.11.1\msvc2017_64\include\QtCore\</FILEPATH>
      <FILENAME>qvariant.h</FILENAME>
      <LINE>719</LINE>
      <COLUMN>22</COLUMN>
    </SFA>
    <DEFECTCODE>26498</DEFECTCODE>
    <DESCRIPTION>La fonction 'qMetaTypeId&lt;QMap&lt;QString,QVariant&gt; &gt;' est constexpr, marquez la variable 'vid' en tant que constexpr si l'évaluation au moment de la compilation est souhaitée (con.5).</DESCRIPTION>
    <FUNCTION>QtPrivate::QVariantValueHelper&lt;QMap&lt;QString,QVariant&gt; &gt;::metaType</FUNCTION>
    <DECORATED>?metaType@?$QVariantValueHelper@V?$QMap@VQString@@VQVariant@@@@@QtPrivate@@SA?AV?$QMap@VQString@@VQVariant@@@@AEBVQVariant@@@Z</DECORATED>
    <FUNCLINE>717</FUNCLINE>
    <PATH></PATH>
  </DEFECT><DEFECT>
    <SFA>
      <FILEPATH>C:\Users\technicien\Documents\Vision3D\Vision3DV3 - Copie\QT_5.11.1\msvc2017_64\include\QtCore\</FILEPATH>
      <FILENAME>qvariant.h</FILENAME>
      <LINE>719</LINE>
      <COLUMN>22</COLUMN>
    </SFA>
    <DEFECTCODE>26498</DEFECTCODE>
    <DESCRIPTION>La fonction 'qMetaTypeId&lt;QHash&lt;QString,QVariant&gt; &gt;' est constexpr, marquez la variable 'vid' en tant que constexpr si l'évaluation au moment de la compilation est souhaitée (con.5).</DESCRIPTION>
    <FUNCTION>QtPrivate::QVariantValueHelper&lt;QHash&lt;QString,QVariant&gt; &gt;::metaType</FUNCTION>
    <DECORATED>?metaType@?$QVariantValueHelper@V?$QHash@VQString@@VQVariant@@@@@QtPrivate@@SA?AV?$QHash@VQString@@VQVariant@@@@AEBVQVariant@@@Z</DECORATED>
    <FUNCLINE>717</FUNCLINE>
    <PATH></PATH>
  </DEFECT><DEFECT>
    <SFA>
      <FILEPATH>C:\Users\technicien\Documents\Vision3D\Vision3DV3 - Copie\QT_5.11.1\msvc2017_64\include\QtCore\</FILEPATH>
      <FILENAME>qvariant.h</FILENAME>
      <LINE>719</LINE>
      <COLUMN>22</COLUMN>
    </SFA>
    <DEFECTCODE>26498</DEFECTCODE>
    <DESCRIPTION>La fonction 'qMetaTypeId&lt;QList&lt;QVariant&gt; &gt;' est constexpr, marquez la variable 'vid' en tant que constexpr si l'évaluation au moment de la compilation est souhaitée (con.5).</DESCRIPTION>
    <FUNCTION>QtPrivate::QVariantValueHelper&lt;QList&lt;QVariant&gt; &gt;::metaType</FUNCTION>
    <DECORATED>?metaType@?$QVariantValueHelper@V?$QList@VQVariant@@@@@QtPrivate@@SA?AV?$QList@VQVariant@@@@AEBVQVariant@@@Z</DECORATED>
    <FUNCLINE>717</FUNCLINE>
    <PATH></PATH>
  </DEFECT><DEFECT>
    <SFA>
      <FILEPATH>C:\Users\technicien\Documents\Vision3D\Vision3DV3 - Copie\OpenCV_3.4.3\build\include\opencv2\core\</FILEPATH>
      <FILENAME>matx.hpp</FILENAME>
      <LINE>555</LINE>
      <COLUMN>4</COLUMN>
    </SFA>
    <DEFECTCODE>6294</DEFECTCODE>
    <DESCRIPTION>Boucle for mal définie. Corps de boucle non exécuté.</DESCRIPTION>
    <FUNCTION>cv::Matx&lt;float,2,1&gt;::{ctor}</FUNCTION>
    <DECORATED>??0?$Matx@M$01$00@cv@@QEAA@MM@Z</DECORATED>
    <FUNCLINE>551</FUNCLINE>
    <PATH></PATH>
  </DEFECT><DEFECT>
    <SFA>
      <FILEPATH>C:\Users\technicien\Documents\Vision3D\Vision3DV3 - Copie\OpenCV_3.4.3\build\include\opencv2\core\</FILEPATH>
      <FILENAME>matx.hpp</FILENAME>
      <LINE>555</LINE>
      <COLUMN>43</COLUMN>
    </SFA>
    <DEFECTCODE>6201</DEFECTCODE>
    <DESCRIPTION>L'index '2' est en dehors de la plage d'index valide '0' à '1' pour la mémoire tampon 'this-&gt;val' allouée sans doute par la pile.</DESCRIPTION>
    <FUNCTION>cv::Matx&lt;float,2,1&gt;::{ctor}</FUNCTION>
    <DECORATED>??0?$Matx@M$01$00@cv@@QEAA@MM@Z</DECORATED>
    <FUNCLINE>551</FUNCLINE>
    <PATH></PATH>
  </DEFECT><DEFECT>
    <SFA>
      <FILEPATH>C:\Users\technicien\Documents\Vision3D\Vision3DV3 - Copie\OpenCV_3.4.3\build\include\opencv2\core\</FILEPATH>
      <FILENAME>matx.hpp</FILENAME>
      <LINE>571</LINE>
      <COLUMN>4</COLUMN>
    </SFA>
    <DEFECTCODE>6294</DEFECTCODE>
    <DESCRIPTION>Boucle for mal définie. Corps de boucle non exécuté.</DESCRIPTION>
    <FUNCTION>cv::Matx&lt;float,4,1&gt;::{ctor}</FUNCTION>
    <DECORATED>??0?$Matx@M$03$00@cv@@QEAA@MMMM@Z</DECORATED>
    <FUNCLINE>567</FUNCLINE>
    <PATH></PATH>
  </DEFECT><DEFECT>
    <SFA>
      <FILEPATH>C:\Users\technicien\Documents\Vision3D\Vision3DV3 - Copie\OpenCV_3.4.3\build\include\opencv2\core\</FILEPATH>
      <FILENAME>matx.hpp</FILENAME>
      <LINE>571</LINE>
      <COLUMN>43</COLUMN>
    </SFA>
    <DEFECTCODE>6201</DEFECTCODE>
    <DESCRIPTION>L'index '4' est en dehors de la plage d'index valide '0' à '3' pour la mémoire tampon 'this-&gt;val' allouée sans doute par la pile.</DESCRIPTION>
    <FUNCTION>cv::Matx&lt;float,4,1&gt;::{ctor}</FUNCTION>
    <DECORATED>??0?$Matx@M$03$00@cv@@QEAA@MMMM@Z</DECORATED>
    <FUNCLINE>567</FUNCLINE>
    <PATH></PATH>
  </DEFECT><DEFECT>
    <SFA>
      <FILEPATH>C:\Users\technicien\Documents\Vision3D\Vision3DV3 - Copie\QT_5.11.1\msvc2017_64\include\QtCore\</FILEPATH>
      <FILENAME>qmetatype.h</FILENAME>
      <LINE>2276</LINE>
      <COLUMN>22</COLUMN>
    </SFA>
    <DEFECTCODE>26498</DEFECTCODE>
    <DESCRIPTION>La fonction 'qMetaTypeId&lt;QtMetaTypePrivate::QSequentialIterableImpl&gt;' est constexpr, marquez la variable 'toId' en tant que constexpr si l'évaluation au moment de la compilation est souhaitée (con.5).</DESCRIPTION>
    <FUNCTION>QtPrivate::ValueTypeIsMetaType&lt;QList&lt;QModelIndex&gt;,1&gt;::registerConverter</FUNCTION>
    <DECORATED>?registerConverter@?$ValueTypeIsMetaType@V?$QList@VQModelIndex@@@@$00@QtPrivate@@SA_NH@Z</DECORATED>
    <FUNCLINE>2274</FUNCLINE>
    <PATH></PATH>
  </DEFECT><DEFECT>
    <SFA>
      <FILEPATH>C:\Users\technicien\Documents\Vision3D\Vision3DV3 - Copie\QT_5.11.1\msvc2017_64\include\QtCore\</FILEPATH>
      <FILENAME>qvariant.h</FILENAME>
      <LINE>719</LINE>
      <COLUMN>22</COLUMN>
    </SFA>
    <DEFECTCODE>26498</DEFECTCODE>
    <DESCRIPTION>La fonction 'qMetaTypeId&lt;QSize&gt;' est constexpr, marquez la variable 'vid' en tant que constexpr si l'évaluation au moment de la compilation est souhaitée (con.5).</DESCRIPTION>
    <FUNCTION>QtPrivate::QVariantValueHelper&lt;QSize&gt;::metaType</FUNCTION>
    <DECORATED>?metaType@?$QVariantValueHelper@VQSize@@@QtPrivate@@SA?AVQSize@@AEBVQVariant@@@Z</DECORATED>
    <FUNCLINE>717</FUNCLINE>
    <PATH></PATH>
  </DEFECT><DEFECT>
    <SFA>
      <FILEPATH>C:\Users\technicien\Documents\Vision3D\Vision3DV3 - Copie\QT_5.11.1\msvc2017_64\include\QtCore\</FILEPATH>
      <FILENAME>qvariant.h</FILENAME>
      <LINE>719</LINE>
      <COLUMN>22</COLUMN>
    </SFA>
    <DEFECTCODE>26498</DEFECTCODE>
    <DESCRIPTION>La fonction 'qMetaTypeId&lt;QBrush&gt;' est constexpr, marquez la variable 'vid' en tant que constexpr si l'évaluation au moment de la compilation est souhaitée (con.5).</DESCRIPTION>
    <FUNCTION>QtPrivate::QVariantValueHelper&lt;QBrush&gt;::metaType</FUNCTION>
    <DECORATED>?metaType@?$QVariantValueHelper@VQBrush@@@QtPrivate@@SA?AVQBrush@@AEBVQVariant@@@Z</DECORATED>
    <FUNCLINE>717</FUNCLINE>
    <PATH></PATH>
  </DEFECT><DEFECT>
    <SFA>
      <FILEPATH>C:\Users\technicien\Documents\Vision3D\Vision3DV3 - Copie\QT_5.11.1\msvc2017_64\include\QtCore\</FILEPATH>
      <FILENAME>qvariant.h</FILENAME>
      <LINE>719</LINE>
      <COLUMN>22</COLUMN>
    </SFA>
    <DEFECTCODE>26498</DEFECTCODE>
    <DESCRIPTION>La fonction 'qMetaTypeId&lt;QColor&gt;' est constexpr, marquez la variable 'vid' en tant que constexpr si l'évaluation au moment de la compilation est souhaitée (con.5).</DESCRIPTION>
    <FUNCTION>QtPrivate::QVariantValueHelper&lt;QColor&gt;::metaType</FUNCTION>
    <DECORATED>?metaType@?$QVariantValueHelper@VQColor@@@QtPrivate@@SA?AVQColor@@AEBVQVariant@@@Z</DECORATED>
    <FUNCLINE>717</FUNCLINE>
    <PATH></PATH>
  </DEFECT><DEFECT>
    <SFA>
      <FILEPATH>C:\Users\technicien\Documents\Vision3D\Vision3DV3 - Copie\QT_5.11.1\msvc2017_64\include\QtCore\</FILEPATH>
      <FILENAME>qvariant.h</FILENAME>
      <LINE>719</LINE>
      <COLUMN>22</COLUMN>
    </SFA>
    <DEFECTCODE>26498</DEFECTCODE>
    <DESCRIPTION>La fonction 'qMetaTypeId&lt;QFont&gt;' est constexpr, marquez la variable 'vid' en tant que constexpr si l'évaluation au moment de la compilation est souhaitée (con.5).</DESCRIPTION>
    <FUNCTION>QtPrivate::QVariantValueHelper&lt;QFont&gt;::metaType</FUNCTION>
    <DECORATED>?metaType@?$QVariantValueHelper@VQFont@@@QtPrivate@@SA?AVQFont@@AEBVQVariant@@@Z</DECORATED>
    <FUNCLINE>717</FUNCLINE>
    <PATH></PATH>
  </DEFECT><DEFECT>
    <SFA>
      <FILEPATH>C:\Users\technicien\Documents\Vision3D\Vision3DV3 - Copie\QT_5.11.1\msvc2017_64\include\QtCore\</FILEPATH>
      <FILENAME>qvariant.h</FILENAME>
      <LINE>719</LINE>
      <COLUMN>22</COLUMN>
    </SFA>
    <DEFECTCODE>26498</DEFECTCODE>
    <DESCRIPTION>La fonction 'qMetaTypeId&lt;QIcon&gt;' est constexpr, marquez la variable 'vid' en tant que constexpr si l'évaluation au moment de la compilation est souhaitée (con.5).</DESCRIPTION>
    <FUNCTION>QtPrivate::QVariantValueHelper&lt;QIcon&gt;::metaType</FUNCTION>
    <DECORATED>?metaType@?$QVariantValueHelper@VQIcon@@@QtPrivate@@SA?AVQIcon@@AEBVQVariant@@@Z</DECORATED>
    <FUNCLINE>717</FUNCLINE>
    <PATH></PATH>
  </DEFECT><DEFECT>
    <SFA>
      <FILEPATH>C:\Users\technicien\Documents\Vision3D\Vision3DV3 - Copie\QT_5.11.1\msvc2017_64\include\QtCore\</FILEPATH>
      <FILENAME>qvariant.h</FILENAME>
      <LINE>719</LINE>
      <COLUMN>22</COLUMN>
    </SFA>
    <DEFECTCODE>26498</DEFECTCODE>
    <DESCRIPTION>La fonction 'qMetaTypeId&lt;QtMetaTypePrivate::QPairVariantInterfaceImpl&gt;' est constexpr, marquez la variable 'vid' en tant que constexpr si l'évaluation au moment de la compilation est souhaitée (con.5).</DESCRIPTION>
    <FUNCTION>QtPrivate::QVariantValueHelper&lt;QtMetaTypePrivate::QPairVariantInterfaceImpl&gt;::metaType</FUNCTION>
    <DECORATED>?metaType@?$QVariantValueHelper@VQPairVariantInterfaceImpl@QtMetaTypePrivate@@@QtPrivate@@SA?AVQPairVariantInterfaceImpl@QtMetaTypePrivate@@AEBVQVariant@@@Z</DECORATED>
    <FUNCLINE>717</FUNCLINE>
    <PATH></PATH>
  </DEFECT><DEFECT>
    <SFA>
      <FILEPATH>C:\Users\technicien\Documents\Vision3D\Vision3DV3 - Copie\QT_5.11.1\msvc2017_64\include\QtCore\</FILEPATH>
      <FILENAME>qvariant.h</FILENAME>
      <LINE>719</LINE>
      <COLUMN>22</COLUMN>
    </SFA>
    <DEFECTCODE>26498</DEFECTCODE>
    <DESCRIPTION>La fonction 'qMetaTypeId&lt;QtMetaTypePrivate::QAssociativeIterableImpl&gt;' est constexpr, marquez la variable 'vid' en tant que constexpr si l'évaluation au moment de la compilation est souhaitée (con.5).</DESCRIPTION>
    <FUNCTION>QtPrivate::QVariantValueHelper&lt;QtMetaTypePrivate::QAssociativeIterableImpl&gt;::metaType</FUNCTION>
    <DECORATED>?metaType@?$QVariantValueHelper@VQAssociativeIterableImpl@QtMetaTypePrivate@@@QtPrivate@@SA?AVQAssociativeIterableImpl@QtMetaTypePrivate@@AEBVQVariant@@@Z</DECORATED>
    <FUNCLINE>717</FUNCLINE>
    <PATH></PATH>
  </DEFECT><DEFECT>
    <SFA>
      <FILEPATH>C:\Users\technicien\Documents\Vision3D\Vision3DV3 - Copie\QT_5.11.1\msvc2017_64\include\QtCore\</FILEPATH>
      <FILENAME>qvariant.h</FILENAME>
      <LINE>719</LINE>
      <COLUMN>22</COLUMN>
    </SFA>
    <DEFECTCODE>26498</DEFECTCODE>
    <DESCRIPTION>La fonction 'qMetaTypeId&lt;QtMetaTypePrivate::QSequentialIterableImpl&gt;' est constexpr, marquez la variable 'vid' en tant que constexpr si l'évaluation au moment de la compilation est souhaitée (con.5).</DESCRIPTION>
    <FUNCTION>QtPrivate::QVariantValueHelper&lt;QtMetaTypePrivate::QSequentialIterableImpl&gt;::metaType</FUNCTION>
    <DECORATED>?metaType@?$QVariantValueHelper@VQSequentialIterableImpl@QtMetaTypePrivate@@@QtPrivate@@SA?AVQSequentialIterableImpl@QtMetaTypePrivate@@AEBVQVariant@@@Z</DECORATED>
    <FUNCLINE>717</FUNCLINE>
    <PATH></PATH>
  </DEFECT><DEFECT>
    <SFA>
      <FILEPATH>C:\Users\technicien\Documents\Vision3D\Vision3DV3 - Copie\QT_5.11.1\msvc2017_64\include\QtCore\</FILEPATH>
      <FILENAME>qmetatype.h</FILENAME>
      <LINE>2259</LINE>
      <COLUMN>14</COLUMN>
    </SFA>
    <DEFECTCODE>26498</DEFECTCODE>
    <DESCRIPTION>La fonction 'qMetaTypeId&lt;QtMetaTypePrivate::QPairVariantInterfaceImpl&gt;' est constexpr, marquez la variable 'toId' en tant que constexpr si l'évaluation au moment de la compilation est souhaitée (con.5).</DESCRIPTION>
    <FUNCTION>QtPrivate::IsMetaTypePair&lt;QPair&lt;QVariant,QVariant&gt;,1&gt;::registerConverter</FUNCTION>
    <DECORATED>?registerConverter@?$IsMetaTypePair@U?$QPair@VQVariant@@V1@@@$00@QtPrivate@@SA_NH@Z</DECORATED>
    <FUNCLINE>2257</FUNCLINE>
    <PATH></PATH>
  </DEFECT></DEFECTS>